v1,v2,v3,v4,v5,v6,v7,v8,v9,v10,estimation,europe,groupedcategory,westcoast,cookies,sportingevent,q55,q61,q63,q65,v21,q67_1,q67_2,q67_3,q67_4,q67,q83_1,q83_2,q8,q9,q10,q11,q12,q84_1,q84_2,q18,q19,q20,q21,q22,q85_1,q85_2,q13,q14,q15,q16,q17,q86_1,q86_2,q2,q4,q5,q6,q3,v55,q57,q59_1,v58,filter
ResponseID,ResponseSet,Name,ExternalDataReference,EmailAddress,IPAddress,Status,StartDate,EndDate,Finished,estimation,europe,grouped category,west coast,cookies,sporting event,Individual Decision Making Study / This consent form asks you to take part in a research study at UCLA...,"Welcome,This study requires you to voice your opinion using the scales below. It is important that y...",I would prefer to live in a large city rather than a small city.,"I would prefer to live in a city with many cultural opportunities, even if the cost of living was hi...",Thank you for expressing interest to participate in this study. / Unfortunately it has been determined...,Timing-First Click,Timing-Last Click,Timing-Page Submit,Timing-Click Count,"Very good. The study will now begin.For this part of the study, you will make a series of judgments...","Consider the two different types of entertainment options below. Presented with these options, what...-Sporting events (choice of attending either an NFL, NBA, or MLB game)","Consider the two different types of entertainment options below. Presented with these options, what...-Cultural events (choice of attending either the Opera, Theater, or a Musical)",Imagine you win two tickets to one entertainment event of your choice. Which of the following events...,Imagine you win two tickets to one entertainment event of your choice. Which of the following events...,Imagine you win two tickets to one entertainment event of your choice. Which of the following events...,Imagine you win two tickets to one entertainment event of your choice. Which of the following events...,Which event would you attend?Â  (Please list one below) /  Â ,"Consider the two different types of desert items below. Presented with these options, what proportio...-Cookie (choice of either Chocolate Chip, Peanut Butter, or Oatmeal Raisin)","Consider the two different types of desert items below. Presented with these options, what proportio...-Ice cream cone (choice of either Chocolate, Vanilla, or Strawberry)","Imagine your office is hosting an afternoon social, and everyone is allowed to select a single desse...","Imagine your office is hosting an afternoon social, and everyone is allowed to select a single desse...","Imagine your office is hosting an afternoon social, and everyone is allowed to select a single desse...","Imagine your office is hosting an afternoon social, and everyone is allowed to select a single desse...",Which dessert item would you choose?Â  (Please list one below) /  /   /  Â ,"Consider the two different types of weekend destinations below. Presented with these options, what p...-West Coast city (choice of either San Francisco, Portland, or Seattle)","Consider the two different types of weekend destinations below. Presented with these options, what p...-East Coast city (choice of either Boston, Philadelphia, or Washington D.C.)","Imagine you can visit one of the following cities for a weekend, with all expenses covered by a thir...","Imagine you can visit one of the following cities for a weekend, with all expenses covered by a thir...","Imagine you can visit one of the following cities for a weekend, with all expenses covered by a thir...","Imagine you can visit one of the following cities for a weekend, with all expenses covered by a thir...",Which city would you visit?Â  (Please list one city below) /  /   /  Â ,"Consider the two different types of vacation destinations below. / Presented with these options, what proportion of people would / choose an all expenses paid trip to either a European country or an / As...-European country (choice of either France, Germany, or Italy)","Consider the two different types of vacation destinations below. / Presented with these options, what proportion of people would / choose an all expenses paid trip to either a European country or an / As...-Asian country (choice of either China, Japan, or Vietnam)",Imagine you win an all expenses paid trip to one country of your /  choice. Which of the following countries would you prefer to /  visit? /  Â  /  /  A. France /  B. Germany /  C. Italy /  D. Asian country (your c...,Imagine you win an all expenses paid trip to one country of your choice. Which of the following coun...,Imagine you win an all expenses paid trip to one country of your choice. Which of the following coun...,Imagine you win an all expenses paid trip to one country of your choice. Which of the following coun...,Which country would you choose?Â  (Please list one country name below),Very Â good. Some final questions before you complete the survey:,Please indicate your sex: /  /  Â ,How old are you?-years old,"Any questions, comments, or suggestions for this study?",
R_8eOVaLEI2Fc9Krb,Default Response Set,Anonymous,,,84,0,11/14/13 10:32,11/14/13 10:35,1,before,unpacked,bottom,packed,unpacked,unpacked,1,1,4,7,,,,,,1,75,25,1,,,,nfl game,25,75,1,,,,chocolate chip cookie,50,50,,1,,,boston,75,25,1,,,,italy,1,2,35,,
R_6fBxp1G4QoTlqNn,Default Response Set,Anonymous,,,349,0,11/14/13 10:31,11/14/13 10:36,1,after,packed,top,unpacked,packed,packed,1,1,4,7,,,,,,1,60,40,,,,1,NFL game,50,50,,,,1,Oatmeal Raisin Cookie,65,35,,,1,,Seattle,60,40,,,,1,Italy,1,1,48,no comments,
R_3IZnnH50pokPjNj,Default Response Set,Anonymous,,,308,0,11/14/13 10:31,11/14/13 10:36,1,after,unpacked,top,unpacked,packed,unpacked,1,1,4,7,,,,,,1,65,35,,,1,,NFL game,35,65,,,,1,Strawberry ice cream cone,40,60,,,1,,Seattle,65,35,,,1,,China,1,1,30,I think clicking than writing in your choice is better.  There was a lot of error due to the way it was set up.  You had to have the correct spelling or correct amount of letters to proceed.,
R_bNlJYy9Z6I7UuPz,Default Response Set,Anonymous,,,345,0,11/14/13 10:33,11/14/13 10:38,1,after,unpacked,top,unpacked,packed,packed,1,1,4,7,,,,,,1,60,40,,,,1,NBA,70,30,,,,1,Chocolate ice cream cone,40,60,,,1,,Boston,80,20,,,1,,France,1,1,32,no comments,
R_1ZlmvjJ6HCsrxA1,Default Response Set,Anonymous,,,180,0,11/14/13 10:39,11/14/13 10:42,1,after,unpacked,top,packed,packed,unpacked,1,1,4,7,,,,,,1,90,10,,,1,,NBA game,50,50,,,,1,Chocolate Chip cookie,60,40,,,,1,Washington D.C.,75,25,,,1,,France,1,2,34,none,
R_0dCFotbyzVZxiXH,Default Response Set,Anonymous,,,247,0,11/14/13 10:39,11/14/13 10:42,1,before,packed,top,unpacked,unpacked,unpacked,1,1,4,7,,,,,,1,75,25,,,1,,Theater,50,50,,,1,,Oatmeal Raisin cookie,60,40,,,1,,San Francisco,60,40,,,,1,France,1,1,35,I enjoyed the survey.,
R_3dvdDLoR1bynCAd,Default Response Set,Anonymous,,,153,0,11/14/13 10:39,11/14/13 10:43,1,before,packed,bottom,packed,packed,packed,1,1,4,7,,,,,,1,90,10,,1,,,Musical,80,20,,1,,,Chocolate Chip Cookie,80,20,,1,,,Seattle,70,30,,1,,,France,1,2,28,,
R_4UREks4gELGd0IB,Default Response Set,Anonymous,,,70,0,11/14/13 10:35,11/14/13 10:44,1,before,packed,top,unpacked,packed,packed,1,1,4,7,,,,,,1,0,100,,,,1,Musical,20,80,,,,1,Chocolate Chip,70,30,,,1,,San Francisco,90,10,,,,1,France,1,2,38,,
R_7U5Es1hJ1nRAdRb,Default Response Set,Anonymous,,,320,0,11/14/13 10:37,11/14/13 10:45,1,after,packed,bottom,unpacked,packed,packed,1,1,4,7,,,,,,1,70,30,,1,,,musical,50,50,,1,,,chocolate chip,50,50,1,,,,Boston,80,20,,1,,,germany,1,1,28,No,
R_dmpur0UX8Jt5zJH,Default Response Set,Anonymous,,,134,0,11/14/13 10:44,11/14/13 10:47,1,before,unpacked,bottom,unpacked,unpacked,packed,1,1,4,7,,,,,,1,0,100,,1,,,THEATER,50,50,1,,,,CHOCOLATE CHIP COOKIE,50,50,1,,,,SAN FRANCISCO,70,30,1,,,,FRANCE,1,2,34,,
R_9Fg6ajbVMl2COHz,Default Response Set,Anonymous,,,147,0,11/14/13 10:42,11/14/13 10:47,1,after,unpacked,bottom,unpacked,packed,packed,1,1,4,7,,,,,,1,80,20,,1,,,musical,35,65,,1,,,Chocolate ice cream cone,49,51,1,,,,san francisco,60,40,1,,,,germany,1,1,21,,
R_5cmiC3IlgtKivqJ,Default Response Set,Anonymous,,,335,0,11/14/13 10:43,11/14/13 10:47,1,after,packed,top,packed,packed,unpacked,1,1,4,7,,,,,,1,60,40,,,1,,NBA game,60,40,,,,1,Chocolate ice cream cone,50,50,,,,1,Washington D.C.,60,40,,,,1,Italy,1,1,54,None,
R_7X1z1ODKFfwzw5D,Default Response Set,Anonymous,,,85,0,11/14/13 10:46,11/14/13 10:48,1,after,unpacked,top,unpacked,packed,unpacked,1,1,4,7,,,,,,1,40,60,,,1,,musical,35,65,,,,1,Chocolate ice cream cone,50,50,,,1,,san francisco,50,50,,,1,,france,1,1,23,thank you,
R_eFC3zsQKegp0d3D,Default Response Set,Anonymous,,,17,0,11/14/13 10:48,11/14/13 10:50,1,before,packed,bottom,packed,unpacked,packed,1,1,4,7,,,,,,1,60,40,,1,,,Opera,75,25,1,,,,Peanut Butter cookie,50,50,,1,,,San Francisco,67,33,,1,,,China,1,1,33,I found typing the answers a bit annoying as oppose to using bubbles to select an answer.,
R_7OpgTheGDS164hn,Default Response Set,Anonymous,,,125,0,11/14/13 10:48,11/14/13 10:50,1,after,packed,bottom,unpacked,unpacked,unpacked,1,1,4,7,,,,,,1,50,50,1,,,,NFL game,80,20,1,,,,Chocolate Chip cookie,70,30,1,,,,San Francisco,70,30,,1,,,Vietnam,1,2,31,,
R_9B6wPTUMRc6FjsV,Default Response Set,Anonymous,,,270,0,11/14/13 10:39,11/14/13 10:52,1,after,unpacked,top,unpacked,unpacked,unpacked,1,1,4,7,,,,,,1,75,25,,,1,,NFL game,65,35,,,1,,Chocolate Chip cookie,50,50,,,1,,San Francisco,60,40,,,1,,Germany,1,2,27,It was really hard to type in the correct option. choosing bubbles would be better.,
R_eb9KXhp77HIXsEZ,Default Response Set,Anonymous,,,353,0,11/14/13 10:51,11/14/13 10:53,1,before,unpacked,top,packed,packed,packed,1,1,4,7,,,,,,1,70,30,,,,1,Theater,50,50,,,,1,Peanut Butter Cookie,50,50,,,,1,Seattle,70,30,,,1,,Japan,1,1,23,,
R_1ObEf41vqvWydy5,Default Response Set,Anonymous,,,96,0,11/14/13 10:52,11/14/13 10:54,1,before,unpacked,bottom,unpacked,packed,unpacked,1,1,4,7,,,,,,1,60,40,1,,,,Theater,50,50,,1,,,Chocolate ice cream cone,60,40,1,,,,San Francisco,80,20,1,,,,France,1,1,33,,
R_0DlpcsxcSynEHoV,Default Response Set,Anonymous,,,228,0,11/14/13 10:52,11/14/13 10:55,1,after,packed,top,packed,unpacked,packed,1,1,4,7,,,,,,1,90,10,,,,1,Theater,40,60,,,1,,Chocolate Chip cookie,70,30,,,,1,San Francisco,50,50,,,,1,Japan,1,1,24,NHL should also be included,
R_cGfVo2jAyieChgh,Default Response Set,Anonymous,,,90,0,11/14/13 10:53,11/14/13 10:55,1,after,packed,top,packed,packed,packed,1,1,4,7,,,,,,1,85,15,,,,1,Opera,65,35,,,,1,Vanilla ice cream cone,50,50,,,,1,Philadelphia,78,22,,,,1,China,1,1,30,,
R_3sMaupb7WwQ11J3,Default Response Set,Anonymous,,,262,0,11/14/13 10:54,11/14/13 10:56,1,after,packed,bottom,packed,unpacked,packed,1,1,4,7,,,,,,1,70,30,,1,,,Theater,50,50,1,,,,Oatmeal Raisin cookie,50,50,,1,,,Boston,50,50,,1,,,Japan,1,2,31,,
R_6kVmL5mhWL40DFX,Default Response Set,Anonymous,,,168,0,11/14/13 10:53,11/14/13 10:56,1,after,unpacked,top,unpacked,packed,unpacked,1,1,4,7,,,,,,1,50,50,,,1,,NBA game,35,65,,,,1,Peanut Butter Cookie,70,30,,,1,,Seattle,75,25,,,1,,Germany,1,1,27,,
R_dmbLzBLuyXotNDT,Default Response Set,Anonymous,,,144,0,11/14/13 10:53,11/14/13 10:56,1,before,packed,top,packed,packed,unpacked,1,1,4,7,,,,,,1,80,20,,,1,,NBA game,40,60,,,,1,chocolate ice cream cone,60,40,,,,1,San Francisco,75,25,,,,1,Japan,1,2,36,,
R_8BcZHD7gS4HngsB,Default Response Set,Anonymous,,,238,0,11/14/13 10:54,11/14/13 10:57,1,before,unpacked,top,unpacked,packed,unpacked,1,1,4,7,,,,,,1,75,25,,,1,,NFL game,40,60,,,,1,Strawberry ice cream cone,30,70,,,1,,San Francisco,80,20,,,1,,Germany,1,1,30,no,
R_aVnVDLEdqVZDXw1,Default Response Set,Anonymous,,,258,0,11/14/13 10:53,11/14/13 10:57,1,after,packed,bottom,packed,unpacked,packed,1,1,4,7,,,,,,1,75,25,,1,,,NFL game,75,25,1,,,,Peanut butter cookie,75,25,,1,,,Seattle,75,25,,1,,,Germany,1,1,22,"I think in most of the situations, when there is one option that has multiple choices, even though it was the same amout of choices for the other groupings, that people would go with the answer that was perceived to give them more control over the matter.  However, everyone loves cookies.",
R_3D9LjIqqQPdZLRb,Default Response Set,Anonymous,,,89,0,11/14/13 10:55,11/14/13 10:57,1,after,packed,bottom,unpacked,packed,packed,1,1,4,7,,,,,,1,70,30,,1,,,MLB game,20,80,,1,,,Vanilla ice cream cone,50,50,1,,,,San Francisco,60,40,,1,,,Japan,1,1,38,,
R_6JrFOPHQB8MWxpz,Default Response Set,Anonymous,,,130,0,11/14/13 10:53,11/14/13 10:57,1,after,unpacked,bottom,unpacked,unpacked,packed,1,1,4,7,,,,,,1,100,0,,1,,,nfl game,100,0,1,,,,chocolate chip cookie,100,0,1,,,,portland,40,60,1,,,,japan,1,1,31,,
R_3JcwV6iwdRRKU3b,Default Response Set,Anonymous,,,116,0,11/14/13 10:54,11/14/13 10:57,1,before,unpacked,top,unpacked,packed,unpacked,1,1,4,7,,,,,,1,70,30,,,1,,NFL game,20,80,,,,1,Vanilla ice cream cone,40,60,,,1,,Philadelphia,50,50,,,1,,Japan,1,2,27,,
R_07cstEDpfCOzCRL,Default Response Set,Anonymous,,,122,0,11/14/13 10:56,11/14/13 10:59,1,before,unpacked,top,packed,unpacked,unpacked,1,1,4,7,,,,,,1,80,20,,,1,,NFL game,50,50,,,1,,Peanut Butter Cookie,45,55,,,,1,Washington D.C.,90,10,,,1,,Germany,1,2,25,Interesting! ,
R_2oCDgZYt7ntYpXD,Default Response Set,Anonymous,,,172,0,11/14/13 10:57,11/14/13 10:59,1,before,unpacked,bottom,unpacked,packed,packed,1,1,4,7,,,,,,1,90,10,,1,,,NBA game,40,60,,1,,,Vanilla ice cream cone,55,45,1,,,,San Francisco,80,20,1,,,,Japan,1,1,22,n/a,
R_eyytE79YkYciVvf,Default Response Set,Anonymous,,,292,0,11/14/13 10:56,11/14/13 11:00,1,after,packed,top,packed,unpacked,unpacked,1,1,4,7,,,,,,1,80,20,,,1,,Musical,40,60,,,1,,Chocolate Chip cookie,60,40,,,,1,Philadelphia,75,25,,,,1,Italy,1,1,26,,
R_d5dlNb4cYc8IVM1,Default Response Set,Anonymous,,,49,0,11/14/13 10:59,11/14/13 11:00,1,before,packed,top,packed,unpacked,packed,1,1,4,7,,,,,,1,50,50,,,,1,NBA game,40,60,,,1,,oatmeal raisin cookie,75,25,,,,1,San Francisco,75,25,,,,1,Japan,1,1,30,,
R_6X7tqLutOxEEbMV,Default Response Set,Anonymous,,,190,0,11/14/13 10:57,11/14/13 11:01,1,after,packed,top,unpacked,unpacked,unpacked,1,1,4,7,,,,,,1,70,30,,,1,,NFL game,60,40,,,1,,Chocolate Chip cookie,60,40,,,1,,Seattle,70,30,,,,1,Japan,1,2,23,"Very sensitive field for typing in choices. Even if spelled correctly, sometimes would not proceed.",1
R_4OA1TDRr5fML7vv,Default Response Set,Anonymous,,,301,0,11/14/13 10:58,11/14/13 11:01,1,before,packed,bottom,packed,packed,packed,1,1,4,7,,,,,,1,70,30,,1,,,Theater,40,60,,1,,,Chocolate ice cream cone,50,50,,1,,,San Francisco,70,30,,1,,,Germany,1,2,60,,
R_bKkoYV2hnvwK4O9,Default Response Set,Anonymous,,,314,0,11/14/13 10:58,11/14/13 11:02,1,after,unpacked,top,unpacked,unpacked,unpacked,1,1,4,7,,,,,,1,80,20,,,1,,NBA Game,70,30,,,1,,Chocolate Chip Cookie,60,40,,,1,,Portland,75,25,,,1,,Italy,1,2,25,"No, it was great. Thank you!",
R_81B2lYfxvdDRsu9,Default Response Set,Anonymous,,,115,0,11/14/13 10:58,11/14/13 11:02,1,after,unpacked,bottom,unpacked,packed,unpacked,1,1,4,7,,,,,,1,80,20,1,,,,Theater,35,65,,1,,,Strawberry,50,50,1,,,,San Francisco,70,30,1,,,,Japan,1,1,26,,
R_0whL1zKKDPjDZIN,Default Response Set,Anonymous,,,199,0,11/14/13 11:00,11/14/13 11:03,1,before,packed,bottom,packed,packed,unpacked,1,1,4,7,,,,,,1,70,30,1,,,,NFL game,55,45,,1,,,Peanut butter cookie,65,35,,1,,,San Francisco,55,45,,1,,,China,1,1,34,None,
R_eyb529VDHQW7p2t,Default Response Set,Anonymous,,,294,0,11/14/13 11:00,11/14/13 11:03,1,after,packed,bottom,packed,packed,unpacked,1,1,4,7,,,,,,1,80,20,1,,,,NFL game,20,80,,1,,,Vanilla ice cream cone,50,50,,1,,,Seattle,10,90,,1,,,Japan,1,1,35,,
R_1NgxHWADmcLEQlf,Default Response Set,Anonymous,,,192,0,11/14/13 10:59,11/14/13 11:03,1,before,unpacked,bottom,unpacked,unpacked,unpacked,1,1,4,7,,,,,,1,70,30,1,,,,NFL game,50,50,1,,,,chocolate chip cookie,60,40,1,,,,San Francisco,75,25,1,,,,Japan,1,1,26,I pick San Francisco because I live in Portland now and Seattle is within driving distance. Last year I lived in Ohio and picked Portland for vacation.,
R_81bqeVh5h7pYPIx,Default Response Set,Anonymous,,,244,0,11/14/13 10:59,11/14/13 11:03,1,after,packed,top,unpacked,unpacked,packed,1,1,4,7,,,,,,1,90,10,,,,1,Musical,30,70,,,1,,Oatmeal Raisin cookie,40,60,,,1,,Seattle,75,25,,,,1,Japan,1,1,28,NA,
R_5sWUOOXpP84GxTv,Default Response Set,Anonymous,,,254,0,11/14/13 11:01,11/14/13 11:04,1,after,unpacked,bottom,packed,packed,unpacked,1,1,4,7,,,,,,1,80,20,1,,,,NFL game,10,90,,1,,,Chocolate Chip,20,80,,1,,,Washington D.C.,70,30,1,,,,Italy,1,1,20,,
R_7U4d4Oa7gC5LTzT,Default Response Set,Anonymous,,,278,0,11/14/13 11:01,11/14/13 11:04,1,before,unpacked,bottom,packed,packed,packed,1,1,4,7,,,,,,1,80,20,,1,,,Theater,40,60,,1,,,Vanilla ice cream cone,50,50,,1,,,Washington D.C.,70,30,1,,,,Germany,1,1,21,,
R_bQvNwUuByGuUtV3,Default Response Set,Anonymous,,,114,0,11/14/13 10:53,11/14/13 11:04,1,before,unpacked,bottom,unpacked,unpacked,unpacked,1,1,4,7,,,,,,1,75,25,1,,,,NFL game,40,60,1,,,,chocolate chip cookie,65,35,1,,,,seattle,30,70,1,,,,germany,1,1,22,the last question about desserts took like 10 tries to get it to accept an answer,
R_6MAVVFVV8IJl1Rz,Default Response Set,Anonymous,,,318,0,11/14/13 11:01,11/14/13 11:04,1,before,packed,top,unpacked,unpacked,packed,1,1,4,7,,,,,,1,60,40,,,,1,Theater,30,70,,,1,,Vanilla Ice cream,40,60,,,1,,Washington D.C.,80,20,,,,1,France,1,1,25,,
R_cBZl35G3v4FRr4p,Default Response Set,Anonymous,,,208,0,11/14/13 11:00,11/14/13 11:04,1,after,unpacked,bottom,unpacked,unpacked,packed,1,1,4,7,,,,,,1,75,25,,1,,,Musical,80,20,1,,,,Oatmeal Raisin Cookie,60,40,1,,,,Washington D.C.,70,30,1,,,,China,1,2,36,Was a little confusing at first what I was supposed to type in the answers box for it to accept it,
R_6mTQMCpGMhNHcdT,Default Response Set,Anonymous,,,11,0,11/14/13 11:01,11/14/13 11:04,1,after,packed,top,unpacked,unpacked,unpacked,1,1,4,7,,,,,,1,80,20,,,1,,NFL game,35,65,,,1,,oatmeal raisin cookie,60,40,,,1,,San Francisco,85,15,,,,1,France,1,2,35,,
R_eu01vm0PW9jiE4d,Default Response Set,Anonymous,,,78,0,11/14/13 11:01,11/14/13 11:04,1,before,packed,bottom,unpacked,unpacked,unpacked,1,1,4,7,,,,,,1,60,40,1,,,,NFL Game,30,70,1,,,,Chocolate Ice Cream Cone,60,40,1,,,,Boston,80,20,,1,,,Japan,1,1,30,,
R_0kbSGSRZ8tfhKlf,Default Response Set,Anonymous,,,118,0,11/14/13 11:00,11/14/13 11:04,1,before,unpacked,top,unpacked,unpacked,packed,1,1,4,7,,,,,,1,75,25,,,,1,Theater,20,80,,,1,,Chocolate Chip cookie,50,50,,,1,,Seattle,66.67,33.33,,,1,,France,1,1,25,,
R_9T9UfAjHwSMGNVz,Default Response Set,Anonymous,,,233,0,11/14/13 11:01,11/14/13 11:04,1,after,unpacked,top,packed,packed,packed,1,1,4,7,,,,,,1,75,25,,,,1,NFL,20,80,,,,1,Strawberry ice cream cone,15,85,,,,1,Washington D.C.,50,50,,,1,,Japan,1,1,20,,
R_3IP9WsUsfTblzzT,Default Response Set,Anonymous,,,154,0,11/14/13 11:01,11/14/13 11:05,1,before,packed,top,unpacked,unpacked,packed,1,1,4,7,,,,,,1,70,30,,,,1,Musical,60,40,,,1,,Chocolate Chip cookie,50,50,,,1,,Portland,80,20,,,,1,China,1,2,38,,
R_5j3C0Lul16nswW9,Default Response Set,Anonymous,,,226,0,11/14/13 11:03,11/14/13 11:06,1,before,unpacked,bottom,unpacked,unpacked,unpacked,1,1,4,7,,,,,,1,85,15,1,,,,NBA game,50,50,1,,,,peanut butter cookie,55,45,1,,,,Seattle,80,20,1,,,,Germany,1,1,19,,
R_6o47gbpTpgiWwrb,Default Response Set,Anonymous,,,171,0,11/14/13 11:01,11/14/13 11:06,1,after,unpacked,top,unpacked,unpacked,packed,1,1,4,7,,,,,,1,5,95,,,,1,theater,10,90,,,1,,chocolate chip cookie,55,45,,,1,,San Francisco,55,45,,,1,,France,1,2,54,,
R_9KL9O9jy252iNZH,Default Response Set,Anonymous,,,113,0,11/14/13 11:02,11/14/13 11:06,1,after,packed,top,unpacked,unpacked,packed,1,1,4,7,,,,,,1,70,30,,,,1,NFL,50,50,,,1,,Chocolate Chip cookie,60,40,,,1,,San Francisco,85,15,,,,1,Germany,1,1,23,thank you!,
R_5ssMSQnOj851OOV,Default Response Set,Anonymous,,,81,0,11/14/13 10:59,11/14/13 11:06,1,after,packed,top,packed,packed,packed,1,1,4,7,,,,,,1,60,40,,,,1,Musical,30,70,,,,1,Vanilla ice cream cone,60,40,,,,1,Boston,70,30,,,,1,Vietnam,1,1,32,,
R_9sH8IfklN1odRzv,Default Response Set,Anonymous,,,198,0,11/14/13 11:03,11/14/13 11:06,1,after,unpacked,bottom,unpacked,unpacked,packed,1,1,4,7,,,,,,1,75,25,,1,,,nfl,50,50,1,,,,Chocolate Chip cookie,40,60,1,,,,seattle,75,25,1,,,,germany,1,1,27,i have the desire to travel and eat now.,
R_9ZEuaOcFOR6ENN3,Default Response Set,Anonymous,,,139,0,11/14/13 11:03,11/14/13 11:06,1,before,packed,top,packed,packed,unpacked,1,1,4,7,,,,,,1,80,20,,,1,,nfl game,45,55,,,,1,vanilla ice cream,70,30,,,,1,San Francisco,60,40,,,,1,Italy,1,2,24,,
R_39OwJn4Zm9NhUVf,Default Response Set,Anonymous,,,97,0,11/14/13 11:00,11/14/13 11:07,1,before,packed,top,packed,packed,unpacked,1,1,4,7,,,,,,1,90,10,,,1,,NFL game,25,75,,,,1,Chocolate ice cream cone,40,60,,,,1,Washington D.C.,75,25,,,,1,Germany,1,1,24,,
R_3rPI35UMhMH0yYB,Default Response Set,Anonymous,,,169,0,11/14/13 11:02,11/14/13 11:07,1,after,packed,top,unpacked,packed,unpacked,1,1,4,7,,,,,,1,60,40,,,1,,NFL game,100,0,,,,1,Vanilla ice cream cone,50,50,,,1,,San Francisco,67,33,,,,1,China,1,2,52,"Hell Yeah, unable to figure out how the hell you what me to spell for choice 1 which is why I said 100 would choose. I cut and paste the whole line - no wrk I cut and paste before the parentheses and still no work (WTF?)",1
R_6xN5dB7xcE3cr1H,Default Response Set,Anonymous,,,250,0,11/14/13 11:02,11/14/13 11:08,1,before,unpacked,top,packed,packed,unpacked,1,1,4,7,,,,,,1,90,10,,,1,,MLB Game,10,90,,,,1,Chocolate Chip Cookie,25,75,,,,1,Washington D.C.,95,5,,,1,,Italy,1,1,56,None,
R_8jZQBbQxQDWwLWt,Default Response Set,Anonymous,,,322,0,11/14/13 11:05,11/14/13 11:08,1,before,packed,bottom,packed,unpacked,packed,1,1,4,7,,,,,,1,95,5,,1,,,NFL,50,50,1,,,,Chocolate Chip cookie,30,70,,1,,,Boston,80,20,,1,,,Germany,1,1,21,,
R_0256J8VbIadEbFX,Default Response Set,Anonymous,,,240,0,11/14/13 11:05,11/14/13 11:09,1,before,unpacked,bottom,unpacked,unpacked,packed,1,1,4,7,,,,,,1,60,40,,1,,,Theater,25,75,1,,,,chocolate ice cream cone,40,60,1,,,,Boston,85,15,1,,,,Italy,1,2,33,,
R_3mAnARtDl2gB0jP,Default Response Set,Anonymous,,,303,0,11/14/13 11:06,11/14/13 11:09,1,after,unpacked,top,unpacked,packed,unpacked,1,1,4,7,,,,,,1,75,25,,,1,,Opera,50,50,,,,1,Strawberry ice cream cone,50,50,,,1,,San Francisco,50,50,,,1,,Germany,1,1,33,,
R_8pG3WPfCFUDUWu9,Default Response Set,Anonymous,,,206,0,11/14/13 11:05,11/14/13 11:09,1,after,packed,top,packed,packed,unpacked,1,1,4,7,,,,,,1,70,30,,,1,,Theater,40,60,,,,1,Chocolate Chip Cookie,60,40,,,,1,San Francisco,60,40,,,,1,Japan,1,2,22,,
R_bmFrFImAFWXasuh,Default Response Set,Anonymous,,,48,0,11/14/13 11:07,11/14/13 11:10,1,after,packed,top,unpacked,unpacked,unpacked,1,1,4,7,,,,,,1,75,25,,,1,,Theater,30,70,,,1,,Chocolate Chip cookie,60,40,,,1,,San Francisco,60,40,,,,1,Italy,1,1,18,N/A,
R_e9x1kW2BUAlzgDX,Default Response Set,Anonymous,,,271,0,11/14/13 11:07,11/14/13 11:10,1,before,unpacked,bottom,unpacked,unpacked,packed,1,1,4,7,,,,,,1,65,35,,1,,,NFL,40,60,1,,,,Chocolate Chip cookie,50,50,1,,,,Portland,65,35,1,,,,Italy,1,1,32,,
R_881mdb8ql9R1G8B,Default Response Set,Anonymous,,,124,0,11/14/13 10:55,11/14/13 11:10,1,after,unpacked,top,unpacked,unpacked,unpacked,1,1,4,7,,,,,,1,65,35,,,1,,NBA game,65,35,,,1,,Chocolate Chip cookie,40,60,,,1,,San Francisco,75,25,,,1,,Italy,1,1,27,Very interesting survey.  Enjoyed a lot!,
R_8ICFTgg86dMtIqN,Default Response Set,Anonymous,,,127,0,11/14/13 11:06,11/14/13 11:11,1,before,unpacked,bottom,packed,packed,packed,1,1,4,7,,,,,,1,75,25,,1,,,Theater,40,60,,1,,,Vanilla ice cream cone,45,55,,1,,,Boston,70,30,1,,,,Germany,1,1,25,"Your answer forms were terribly designed, and refused to accept my choices for 'D' even though I tried 3 different ways of inputting them.  Learn to use radial buttons.",1
R_elIkXAQJYPukUN7,Default Response Set,Anonymous,,,220,0,11/14/13 11:07,11/14/13 11:11,1,after,packed,top,unpacked,unpacked,unpacked,1,1,4,7,,,,,,1,75,25,,,1,,NFL game,50,50,,,1,,Chocolate Chip cookie,50,50,,,1,,San Francisco,50,50,,,,1,France,1,1,21,,
R_6WLuiGmOGA0gZUx,Default Response Set,Anonymous,,,200,0,11/14/13 11:09,11/14/13 11:12,1,after,packed,bottom,packed,unpacked,packed,1,1,4,7,,,,,,1,90,10,,1,,,Theater,70,30,1,,,,Chocolate Chip cookie,75,25,,1,,,Portland,5,95,,1,,,France,1,1,23,,
R_1Rpx5iupNWVVEhv,Default Response Set,Anonymous,,,275,0,11/14/13 11:08,11/14/13 11:12,1,before,packed,top,packed,unpacked,unpacked,1,1,4,7,,,,,,1,60,40,,,1,,MLB GAME,40,60,,,1,,Chocolate Chip cookie,50,50,,,,1,Washington D.C.,75,25,,,,1,China,1,1,22,,
R_0q6ZJQFe4FtYUTz,Default Response Set,Anonymous,,,119,0,11/14/13 11:07,11/14/13 11:12,1,before,unpacked,bottom,packed,packed,packed,1,1,4,7,,,,,,1,70,30,,1,,,Theater,50,50,,1,,,Vanilla ice cream cone,60,40,,1,,,Washington D.C.,75,25,1,,,,Italy,1,1,28,,
R_e5n8VPvDQmZXcSF,Default Response Set,Anonymous,,,3,0,11/14/13 11:10,11/14/13 11:13,1,after,unpacked,top,packed,packed,unpacked,1,1,4,7,,,,,,1,0,100,,,1,,Theater,30,70,,,,1,Strawberry ice cream cone,80,20,,,,1,Portland,40,60,,,1,,Japan,1,1,24,,
R_cYIywdbdnYCIInz,Default Response Set,Anonymous,,,117,0,11/14/13 11:08,11/14/13 11:13,1,after,unpacked,bottom,unpacked,packed,packed,1,1,4,7,,,,,,1,70,30,,1,,,Musical,40,60,,1,,,Chocolate ice cream cone,50,50,1,,,,Seattle,60,40,1,,,,Italy,1,2,26,,
R_a636jyyA2ItPjrn,Default Response Set,Anonymous,,,188,0,11/14/13 11:11,11/14/13 11:14,1,after,unpacked,bottom,unpacked,unpacked,packed,1,1,4,7,,,,,,1,40,60,,1,,,Musical,80,20,1,,,,Peanut Butter cookie,60,40,1,,,,Seattle,75,25,1,,,,Italy,1,2,29,,
R_0wViSRSRNLsNqaV,Default Response Set,Anonymous,,,256,0,11/14/13 11:09,11/14/13 11:14,1,before,unpacked,top,unpacked,packed,unpacked,1,1,4,7,,,,,,1,0,100,,,1,,Musical,50,50,,,,1,Chocolate Ice cream cone,100,0,,,1,,San Francisco,50,50,,,1,,Italy,1,2,22,,
R_9AlFYE6eRfvIgRv,Default Response Set,Anonymous,,,279,0,11/14/13 11:11,11/14/13 11:14,1,after,unpacked,top,packed,packed,packed,1,1,4,7,,,,,,1,65,35,,,,1,nfl game,50,50,,,,1,Chocolate ice cream cone,20,80,,,,1,Seattle,85,15,,,1,,Japan,1,1,26,,
R_6RVCvbyfpo1goip,Default Response Set,Anonymous,,,92,0,11/14/13 11:12,11/14/13 11:14,1,after,packed,bottom,packed,unpacked,packed,1,1,4,7,,,,,,1,70,30,,1,,,musical,100,0,1,,,,Oatmeal Raisin cookie,40,60,,1,,,Boston,80,20,,1,,,Japan,1,2,24,,
R_1ACrn2gZZuIy65D,Default Response Set,Anonymous,,,255,0,11/14/13 11:09,11/14/13 11:15,1,before,packed,bottom,unpacked,unpacked,packed,1,1,4,7,,,,,,1,50,50,,1,,,NBA,50,50,1,,,,Chocolate ice cream cone,50,50,1,,,,Washington D.C.,50,50,,1,,,Japan,1,1,22,N/A,
R_1BwrpkZSWv34PDT,Default Response Set,Anonymous,,,284,0,11/14/13 11:12,11/14/13 11:15,1,before,unpacked,top,unpacked,packed,unpacked,1,1,4,7,,,,,,1,70,30,,,1,,NFL game,40,60,,,,1,Chocolate Chip,50,50,,,1,,San Francisco,60,40,,,1,,France,1,2,35,,
R_3aYCiMoKVphG3SB,Default Response Set,Anonymous,,,217,0,11/14/13 11:10,11/14/13 11:15,1,before,packed,bottom,packed,packed,unpacked,1,1,4,7,,,,,,1,65,35,1,,,,NFL game,50,50,,1,,,Strawberry ice cream cone,55,45,,1,,,San Francisco,55,45,,1,,,France,1,2,27,No,
R_39SCANEQzG6jJhb,Default Response Set,Anonymous,,,94,0,11/14/13 11:12,11/14/13 11:15,1,before,unpacked,bottom,packed,unpacked,unpacked,1,1,4,7,,,,,,1,100,0,1,,,,NBA game,30,70,1,,,,Vanilla Ice cream cone,100,0,,1,,,Seattle,0,100,1,,,,Japan,1,1,35,,
R_1LK4gRp72hevtEV,Default Response Set,Anonymous,,,44,0,11/14/13 11:13,11/14/13 11:15,1,before,packed,bottom,packed,packed,unpacked,1,1,4,7,,,,,,1,80,20,1,,,,NFl game,40,60,,1,,,Vanilla Ice Cream Cone,75,25,,1,,,San Francisco,75,25,,1,,,Japan,1,1,23,n/a,
R_1BPs634Lnd9h5L7,Default Response Set,Anonymous,,,231,0,11/14/13 11:11,11/14/13 11:15,1,before,packed,top,packed,packed,unpacked,1,1,4,7,,,,,,1,80,20,,,1,,NFL game,50,50,,,,1,Chocolate ice cream cone,70,30,,,,1,Seattle,80,20,,,,1,Japan,1,1,59,"none, thank you",
R_3BOnZsa8prPqJdb,Default Response Set,Anonymous,,,68,0,11/14/13 11:10,11/14/13 11:15,1,after,unpacked,top,unpacked,unpacked,packed,1,1,4,7,,,,,,1,40,60,,,,1,Theater,30,70,,,1,,Strawberry ice cream cone,50,50,,,1,,Portland,80,20,,,1,,France,1,2,23,"I had some difficulty getting past the question that required choosing between ice cream and cookie options.  The answer had to be typed in in  a very specific way (eventually 'Strawberry ice cream cone' worked), but I could not progress despite trying ice cream cone, A., ice cream cone (strawberry), or removing all the spaces just in case it registered a written space as another item.  The directions weren't clear as to how that had to be typed to progress.",
R_3r38o2wgztkHImp,Default Response Set,Anonymous,,,288,0,11/14/13 11:11,11/14/13 11:16,1,before,unpacked,top,packed,packed,packed,1,1,4,7,,,,,,1,60,40,,,,1,Theater,50,50,,,,1,chocolate ice cream cone,50,50,,,,1,Washington D.C.,75,25,,,1,,Italy,1,2,28,,
R_6nTVWIoGGLCW9s9,Default Response Set,Anonymous,,,64,0,11/14/13 11:11,11/14/13 11:16,1,before,packed,bottom,unpacked,unpacked,unpacked,1,1,4,7,,,,,,1,80,20,1,,,,Theater,40,60,1,,,,Chocolate Chip cookie,70,30,1,,,,Seattle,70,30,,1,,,Japan,1,1,31,,
R_9QqCW0nctEkBmeh,Default Response Set,Anonymous,,,105,0,11/14/13 11:13,11/14/13 11:16,1,after,packed,bottom,unpacked,packed,packed,1,1,4,7,,,,,,1,40,60,,1,,,Theater,25,75,,1,,,Vanilla ice cream cone,50,50,1,,,,Portland,50,50,,1,,,Germany,1,1,20,,
R_5jP6ggpPLsCuK9f,Default Response Set,Anonymous,,,266,0,11/14/13 11:13,11/14/13 11:18,1,after,unpacked,top,unpacked,unpacked,packed,1,1,4,7,,,,,,1,40,60,,,,1,Opera,50,50,,,1,,Chocolate Chip cookie,60,40,,,1,,San Francisco,75,25,,,1,,Germany,1,1,36,good straight forward survey,
R_1Fb97TnYmOSWjkN,Default Response Set,Anonymous,,,161,0,11/14/13 11:16,11/14/13 11:18,1,before,unpacked,bottom,packed,unpacked,unpacked,1,1,4,7,,,,,,1,70,30,1,,,,NFL game,65,35,1,,,,Chocolate Chip cookie,55,45,,1,,,Boston,85,15,1,,,,France,1,1,28,Thanks!,
R_065MgZ9y92RuxOB,Default Response Set,Anonymous,,,140,0,11/14/13 11:13,11/14/13 11:18,1,before,unpacked,top,packed,unpacked,unpacked,1,1,4,7,,,,,,1,40,60,,,1,,Musical,40,60,,,1,,Oatmeal Raisin cookie,50,50,,,,1,Washington D.C.,60,40,,,1,,Italy,1,1,25,No,
R_1Sr5HwQQRSkyKbj,Default Response Set,Anonymous,,,241,0,11/14/13 11:15,11/14/13 11:18,1,before,unpacked,top,unpacked,packed,unpacked,1,1,4,7,,,,,,1,50,50,,,1,,NFL game,30,70,,,,1,Chocolate ice cream cone,50,50,,,1,,San Francisco,70,30,,,1,,France,1,2,25,,
R_cAzZvvhRpIvj0zj,Default Response Set,Anonymous,,,291,0,11/14/13 11:15,11/14/13 11:18,1,after,unpacked,top,packed,unpacked,packed,1,1,4,7,,,,,,1,65,35,,,,1,Theater,60,40,,,1,,Peanut Butter Cookie,50,50,,,,1,San Francisco,60,40,,,1,,France,1,2,36,no,
R_0OLKoZhe2NKqSZn,Default Response Set,Anonymous,,,32,0,11/14/13 11:15,11/14/13 11:18,1,before,packed,bottom,unpacked,packed,unpacked,1,1,4,7,,,,,,1,70,30,1,,,,MLB game,20,80,,1,,,Chocolate ice cream cone,50,50,1,,,,San Francisco,60,40,,1,,,France,1,2,21,,
R_72slBEFtiGlvkA5,Default Response Set,Anonymous,,,263,0,11/14/13 11:15,11/14/13 11:19,1,after,packed,bottom,packed,unpacked,packed,1,1,4,7,,,,,,1,65,35,,1,,,NFL game,50,50,1,,,,Peanut Butter cookie,60,40,,1,,,San Francisco,70,30,,1,,,Italy,1,1,39,no,
R_ah15kaUkBCwg2FL,Default Response Set,Anonymous,,,337,0,11/14/13 11:12,11/14/13 11:19,1,before,unpacked,bottom,unpacked,packed,unpacked,1,1,4,7,,,,,,1,85,15,1,,,,NBA game,45,55,,1,,,Chocolate ice cream cone,90,10,1,,,,Portland,85,15,1,,,,France,1,1,40,,
R_3dt0QnDkuZF3N8p,Default Response Set,Anonymous,,,163,0,11/14/13 11:15,11/14/13 11:19,1,after,unpacked,bottom,unpacked,packed,packed,1,1,4,7,,,,,,1,75,25,,1,,,Musical,50,50,,1,,,Chocolate ice cream cone,50,50,1,,,,San Francisco,80,20,1,,,,France,1,1,29,,
R_0HDgbo8XL8NJr3n,Default Response Set,Anonymous,,,312,0,11/14/13 11:17,11/14/13 11:19,1,after,packed,top,unpacked,packed,packed,1,1,4,7,,,,,,1,50,50,,,,1,nba game,60,40,,,,1,chocolate chip cookie,50,50,,,1,,san francisco,70,30,,,,1,France,1,1,29,,
R_3PnSP5Tv7PlBovX,Default Response Set,Anonymous,,,189,0,11/14/13 11:18,11/14/13 11:20,1,after,packed,bottom,unpacked,unpacked,packed,1,1,4,7,,,,,,1,75,25,,1,,,NFL,80,20,1,,,,Chocolate Chip Cookie,40,60,1,,,,Seattle,61,39,,1,,,Japan,1,1,23,,
R_3TPaqlwkdiMNZbf,Default Response Set,Anonymous,,,164,0,11/14/13 11:18,11/14/13 11:21,1,after,packed,bottom,unpacked,packed,packed,1,1,4,7,,,,,,1,70,30,,1,,,NFL,50,50,,1,,,Vanilla ice cream cone,60,40,1,,,,San Francisco,80,20,,1,,,France,1,1,19,:),
R_9M0PdOAhkSmyF1P,Default Response Set,Anonymous,,,315,0,11/14/13 11:18,11/14/13 11:21,1,before,unpacked,top,packed,packed,unpacked,1,1,4,7,,,,,,1,100,0,,,1,,NFL game,60,40,,,,1,Chocolate Chip,70,30,,,,1,Philadelphia,50,50,,,1,,germany,1,2,23,,
R_3DXx2T4CjWjt9C5,Default Response Set,Anonymous,,,108,0,11/14/13 11:19,11/14/13 11:21,1,before,unpacked,top,packed,unpacked,unpacked,1,1,4,7,,,,,,1,0,100,,,1,,Theater,50,50,,,1,,chocolate chip cookie,100,,,,,1,San francisco,50,50,,,1,,Japan,1,1,24,,
R_033q6sQwWrzGNql,Default Response Set,Anonymous,,,339,0,11/14/13 11:17,11/14/13 11:21,1,before,unpacked,top,unpacked,packed,packed,1,1,4,7,,,,,,1,70,30,,,,1,Theater,40,60,,,,1,Chocolate chip cookie,60,40,,,1,,San Francisco,90,10,,,1,,Japan,1,2,22,No,
R_71h6jXdiOaiWYzH,Default Response Set,Anonymous,,,290,0,11/14/13 11:13,11/14/13 11:21,1,before,unpacked,bottom,unpacked,packed,unpacked,1,1,4,7,,,,,,1,80,20,1,,,,Opera,50,50,,1,,,Peanut Butter,80,20,1,,,,Seattle,50,50,1,,,,Japan,1,1,24,,
R_ekroRzc0JehAXbv,Default Response Set,Anonymous,,,62,0,11/14/13 11:17,11/14/13 11:22,1,after,packed,bottom,packed,unpacked,unpacked,1,1,4,7,,,,,,1,80,20,1,,,,Theater,30,70,1,,,,Chocolate Chip cookie,60,40,,1,,,Boston,70,30,,1,,,China,1,1,30,Couldn't pick ice cream cone.,1
R_4I1yzK4Z2iBqs1T,Default Response Set,Anonymous,,,215,0,11/14/13 11:20,11/14/13 11:22,1,after,unpacked,bottom,unpacked,unpacked,packed,1,1,4,7,,,,,,1,65,35,,1,,,Opera,60,40,1,,,,Oatmeal Raisin cookie,60,40,1,,,,Washington D.C.,60,40,1,,,,Japan,1,1,25,Thank you!,
R_0VUCBh8wMasu7uR,Default Response Set,Anonymous,,,289,0,11/14/13 11:22,11/14/13 11:24,1,after,packed,top,unpacked,unpacked,unpacked,1,1,4,7,,,,,,1,75,25,,,1,,NFL game,70,30,,,1,,Oatmeal Raisin cookie,70,30,,,1,,Washington D.C.,70,30,,,,1,Japan,1,1,25,,
R_24RkBu9x0DLhpMp,Default Response Set,Anonymous,,,79,0,11/14/13 11:21,11/14/13 11:24,1,before,packed,top,packed,packed,unpacked,1,1,4,7,,,,,,1,70,30,,,1,,NFL game,60,40,,,,1,Vanilla Ice Cream Cone,60,40,,,,1,Boston,70,30,,,,1,France,1,2,27,Fun.,
R_a9Pl9YR1gv3AVzn,Default Response Set,Anonymous,,,10,0,11/14/13 11:22,11/14/13 11:25,1,after,unpacked,top,packed,packed,packed,1,1,4,7,,,,,,1,90,10,,,,1,NFL game,60,40,,,,1,Chocolate ice cream cone,40,60,,,,1,Seattle,70,30,,,1,,France,1,1,35,,
R_54uiM5Xbw5H8ZIV,Default Response Set,Anonymous,,,336,0,11/14/13 11:22,11/14/13 11:25,1,before,unpacked,bottom,packed,packed,packed,1,1,4,7,,,,,,1,75,25,,1,,,NFL,40,60,,1,,,chocolate ice cream cone,50,50,,1,,,Boston,80,20,1,,,,Italy,1,1,23,,
R_6XwJcdKQ5GdbPIV,Default Response Set,Anonymous,,,167,0,11/14/13 11:22,11/14/13 11:25,1,after,packed,top,packed,packed,unpacked,1,1,4,7,,,,,,1,95,5,,,1,,NFL game,25,75,,,,1,Chocolate ice cream cone,75,25,,,,1,Portland,80,20,,,,1,Japan,1,1,28,,
R_5uRiSmxvSWKkqvX,Default Response Set,Anonymous,,,205,0,11/14/13 11:23,11/14/13 11:26,1,before,unpacked,bottom,unpacked,packed,packed,1,1,4,7,,,,,,1,65,35,,1,,,Musical,75,25,,1,,,Strawberry ice cream cone,55,45,1,,,,Seattle,75,25,1,,,,Japan,1,2,20,,
R_9p0ZjxNg4lRpPuJ,Default Response Set,Anonymous,,,341,0,11/14/13 11:22,11/14/13 11:26,1,after,packed,bottom,packed,packed,unpacked,1,1,4,7,,,,,,1,75,25,1,,,,Theater,15,85,,1,,,Strawberry Ice Cream Cone,45,55,,1,,,Washington D.C.,70,30,,1,,,Japan,1,2,20,,
R_251O0ANt3KA24qp,Default Response Set,Anonymous,,,95,0,11/14/13 11:24,11/14/13 11:26,1,after,packed,top,unpacked,unpacked,unpacked,1,1,4,7,,,,,,1,80,20,,,1,,NFL game,70,30,,,1,,Chocolate Chip cookie,60,40,,,1,,Seattle,60,40,,,,1,Japan,1,1,25,,
R_87Ya52bko13unaZ,Default Response Set,Anonymous,,,273,0,11/14/13 11:22,11/14/13 11:27,1,before,packed,bottom,unpacked,unpacked,unpacked,1,1,4,7,,,,,,1,70,30,1,,,,MLB Game,50,50,1,,,,Chocolate Ice Cream Cone,40,60,1,,,,Washington D.C.,80,20,,1,,,Italy,1,2,28,,
R_6DUl6AUVZJRtZ6R,Default Response Set,Anonymous,,,239,0,11/14/13 11:23,11/14/13 11:27,1,after,packed,top,packed,unpacked,unpacked,1,1,4,7,,,,,,1,90,10,,,1,,NBA game,30,70,,,1,,Chocolate Chip cookie,65,35,,,,1,Washington D.C.,80,20,,,,1,Italy,1,1,24,,
R_eP9B38k9VFcH4JD,Default Response Set,Anonymous,,,80,0,11/14/13 11:26,11/14/13 11:28,1,before,unpacked,bottom,packed,packed,packed,1,1,4,7,,,,,,1,70,30,,1,,,Theater,50,50,,1,,,Vanilla ice cream cone,70,30,,1,,,San Francisco,80,20,1,,,,Italy,1,2,23,,
R_6SfzJEtJnpeKABf,Default Response Set,Anonymous,,,148,0,11/14/13 11:26,11/14/13 11:31,1,before,unpacked,bottom,unpacked,unpacked,unpacked,1,1,4,7,,,,,,1,45,55,1,,,,MLB game,65,35,1,,,,Oatmeal Raisin cookie,45,55,1,,,,Seattle,65,35,1,,,,France,1,2,21,,
R_eY7yktqxzAE4r2t,Default Response Set,Anonymous,,,328,0,11/14/13 11:27,11/14/13 11:31,1,before,unpacked,bottom,packed,unpacked,unpacked,1,1,4,7,,,,,,1,75,25,1,,,,NBA game,60,40,1,,,,Chocolate Chip Cookie,60,40,,1,,,San Francisco,70,30,1,,,,Italy,1,2,23,,
R_djtPlQk5Ba6FCVD,Default Response Set,Anonymous,,,230,0,11/14/13 11:25,11/14/13 11:33,1,after,packed,top,unpacked,unpacked,unpacked,1,1,4,7,,,,,,1,80,20,,,1,,Theater,40,60,,,1,,Chocolate Chip cookie,55,45,,,1,,San Francisco,60,40,,,,1,Japan,1,2,57,This was a nice study survey,
R_aXVGfFknm4pGhJX,Default Response Set,Anonymous,,,307,0,11/14/13 11:32,11/14/13 11:33,1,after,unpacked,bottom,unpacked,unpacked,unpacked,1,1,4,7,,,,,,1,40,60,1,,,,nba game,50,50,1,,,,peanut butter cookie,50,50,1,,,,seattle,100,0,1,,,,italy,1,2,23,,
R_8HVR4lXCHUEhgBT,Default Response Set,Anonymous,,,129,0,11/14/13 11:24,11/14/13 11:34,1,before,unpacked,bottom,packed,packed,packed,1,1,4,7,,,,,,1,80,20,,1,,,MLB game,35,65,,1,,,Vanilla ice cream cone,60,40,,1,,,San Francisco,50,50,1,,,,Italy,1,1,42,,
R_3w3hCtArjxU33U1,Default Response Set,Anonymous,,,148,0,11/14/13 11:32,11/14/13 11:34,1,after,unpacked,top,packed,packed,packed,1,1,4,7,,,,,,1,46,54,,,,1,Theater,35,65,,,,1,Strawberry ice cream cone,45,55,,,,1,Boston,55,45,,,1,,France,1,1,26,gOOD STUDY! ,
R_cSW6Vwt5enOmiGx,Default Response Set,Anonymous,,,88,0,11/14/13 11:31,11/14/13 11:34,1,after,packed,bottom,unpacked,packed,packed,1,1,4,7,,,,,,1,0,100,,1,,,Musical,80,20,,1,,,Chocolate Chip,55,45,1,,,,San Francisco,40,60,,1,,,Japan,1,2,33,no,
R_3gSlWoKpMiNkwVD,Default Response Set,Anonymous,,,76,0,11/14/13 11:30,11/14/13 11:35,1,after,unpacked,bottom,unpacked,unpacked,packed,1,1,4,7,,,,,,1,80,20,,1,,,Theater,50,50,1,,,,Oatmeal Raisin Cookie,60,40,1,,,,San Francisco,95,5,1,,,,Japan,1,1,41,,
R_0H5GfveLqIYKFYF,Default Response Set,Anonymous,,,207,0,11/14/13 11:32,11/14/13 11:35,1,after,packed,bottom,packed,unpacked,unpacked,1,1,4,7,,,,,,1,70,30,1,,,,NFL game,80,20,1,,,,Vanilla,60,40,,1,,,San Francisco,70,30,,1,,,Japan,1,1,23,,
R_cAYi5WRjJbBhF9H,Default Response Set,Anonymous,,,181,0,11/14/13 11:32,11/14/13 11:35,1,before,unpacked,bottom,packed,unpacked,packed,1,1,4,7,,,,,,1,60,40,,1,,,theater,50,50,1,,,,vanilla ice cream cone,50,50,,1,,,washington d.c.,55,45,1,,,,japan,1,2,49,none,
R_6yaMBivuVk7JP2l,Default Response Set,Anonymous,,,327,0,11/14/13 11:33,11/14/13 11:35,1,before,packed,bottom,packed,packed,unpacked,1,1,4,7,,,,,,1,50,50,1,,,,NFL game,45,55,,1,,,Chocolate ice cream cone,60,40,,1,,,San Francisco,70,30,,1,,,Italy,1,2,26,Thank you!,
R_0UpIoXmXxZLsCyx,Default Response Set,Anonymous,,,50,0,11/14/13 11:34,11/14/13 11:35,1,after,packed,bottom,packed,packed,unpacked,1,1,4,7,,,,,,1,80,20,1,,,,nba game,35,65,,1,,,peanut butter cookie,60,40,,1,,,san francisco,80,20,,1,,,Italy,1,2,33,,
R_eQgOyjQry3PdcmV,Default Response Set,Anonymous,,,179,0,11/14/13 11:30,11/14/13 11:35,1,before,packed,top,packed,packed,unpacked,1,1,4,7,,,,,,1,70,30,,,1,,NFL,40,60,,,,1,Strawberry ice cream cone,50,50,,,,1,San Francisco,70,30,,,,1,Japan,1,1,28,"I was unable to select cultural choice instead of sporting event, I see now that I was supposed to specify which type of cultural event. I would recommend making that choice a bit more distinct. ",1
R_eDxkrQrLG2C5nfL,Default Response Set,Anonymous,,,104,0,11/14/13 11:32,11/14/13 11:36,1,after,packed,top,packed,unpacked,unpacked,1,1,4,7,,,,,,1,90,10,,,1,,nba game,50,50,,,1,,chocolate chip cookie,80,20,,,,1,San Francisco,80,20,,,,1,japan,1,1,28,,
R_0U0AY6B4PDK8ygZ,Default Response Set,Anonymous,,,152,0,11/14/13 11:31,11/14/13 11:36,1,before,unpacked,top,packed,unpacked,unpacked,1,1,4,7,,,,,,1,65,35,,,1,,Theater,50,50,,,1,,Peanut Butter cookie,40,60,,,,1,Portland,70,30,,,1,,France,1,1,31,,
R_bDzKFjxKFc6mBFP,Default Response Set,Anonymous,,,21,0,11/14/13 11:34,11/14/13 11:36,1,before,unpacked,top,unpacked,unpacked,packed,1,1,4,7,,,,,,1,30,70,,,,1,Theater,90,10,,,1,,Chocolate Chip Cookie,40,60,,,1,,Portland,75,25,,,1,,Japan,1,2,18,,
R_7O4IojguVLDolMx,Default Response Set,Anonymous,,,159,0,11/14/13 11:33,11/14/13 11:36,1,after,unpacked,top,packed,unpacked,unpacked,1,1,4,7,,,,,,1,50,50,,,1,,Theater,40,60,,,1,,Vanilla,50,50,,,,1,Boston,60,40,,,1,,Italy,1,2,520,n/a,
R_aViOpBPJK9D0erj,Default Response Set,Anonymous,,,123,0,11/14/13 11:32,11/14/13 11:36,1,after,packed,top,unpacked,packed,unpacked,1,1,4,7,,,,,,1,90,10,,,1,,NFL game,50,50,,,,1,Oatmeal Raisin,50,50,,,1,,Washington D.C.,60,40,,,,1,China,1,1,31,Interesting!,
R_7PWeJLCcQeTD5iZ,Default Response Set,Anonymous,,,112,0,11/14/13 11:32,11/14/13 11:36,1,before,unpacked,bottom,unpacked,packed,packed,1,1,4,7,,,,,,1,70,30,,1,,,Theater,50,50,,1,,,Chocolate Chip Cookie,70,30,1,,,,Portland,65,35,1,,,,China,1,1,39,,
R_3rNTn0NlbsXh5lj,Default Response Set,Anonymous,,,27,0,11/14/13 11:34,11/14/13 11:37,1,after,unpacked,bottom,packed,packed,packed,1,1,4,7,,,,,,1,70,30,,1,,,Musical,30,70,,1,,,Chocolate chip cookie,36,64,,1,,,Portland,80,20,1,,,,Italy,1,1,21,,
R_0j6DKR3wW3wWcaV,Default Response Set,Anonymous,,,211,0,11/14/13 11:33,11/14/13 11:37,1,after,packed,bottom,unpacked,packed,packed,1,1,4,7,,,,,,1,65,35,,1,,,NFL,40,60,,1,,,Vanilla ice cream cone,50,50,1,,,,Seattle,85,15,,1,,,Germany,1,1,24,Great study. I've never done anything like this before. It was really interesting.,
R_cM7dyoSgyHDEhHD,Default Response Set,Anonymous,,,225,0,11/14/13 11:33,11/14/13 11:37,1,before,packed,bottom,unpacked,packed,packed,1,1,4,7,,,,,,1,55,45,,1,,,Theater,50,50,,1,,,Chocolate Chip,60,40,1,,,,Seattle,60,40,,1,,,Vietnam,1,1,35,,
R_bluPvlGwvspUpzT,Default Response Set,Anonymous,,,53,0,11/14/13 11:33,11/14/13 11:38,1,before,unpacked,top,packed,unpacked,unpacked,1,1,4,7,,,,,,1,85,15,,,1,,NFL game,25,75,,,1,,Chocolate Chip cookie,50,50,,,,1,Washington D.C.,90,10,,,1,,France,1,2,43,,
R_cGaeYLv4JDIpyKx,Default Response Set,Anonymous,,,295,0,11/14/13 11:35,11/14/13 11:38,1,before,packed,bottom,packed,unpacked,unpacked,1,1,4,7,,,,,,1,75,25,1,,,,NBA Game,50,50,1,,,,Chocolate Chip Cookie,50,50,,1,,,Portland,79,21,,1,,,France,1,1,25,,
R_7PxE1Pz1cSLGGl7,Default Response Set,Anonymous,,,26,0,11/14/13 11:35,11/14/13 11:38,1,after,unpacked,top,unpacked,packed,packed,1,1,4,7,,,,,,1,60,40,,,,1,NBA,35,65,,,,1,vanilla ice cream cone,40,60,,,1,,Boston,75,25,,,1,,France,1,1,24,none,
R_8G6Tf5N8Id2q8Xb,Default Response Set,Anonymous,,,43,0,11/14/13 11:35,11/14/13 11:38,1,after,unpacked,top,packed,unpacked,packed,1,1,4,7,,,,,,1,80,20,,,,1,Musical,70,30,,,1,,Strawberry,40,60,,,,1,San Francisco,45,55,,,1,,Japan,1,1,36,"No, thank you!",
R_8wFPLV5YqL3BwNv,Default Response Set,Anonymous,,,91,0,11/14/13 11:35,11/14/13 11:39,1,before,unpacked,top,unpacked,packed,unpacked,1,1,4,7,,,,,,1,70,30,,,1,,NBA game,50,50,,,,1,Vanilla ice cream cone,50,50,,,1,,Boston,75,25,,,1,,Japan,1,1,24,,
R_0lJuQ1fuweBMf7D,Default Response Set,Anonymous,,,82,0,11/14/13 11:33,11/14/13 11:39,1,after,unpacked,top,unpacked,unpacked,packed,1,1,4,7,,,,,,1,80,20,,,,1,opera,10,90,,,1,,Peanut Butter cookie,50,50,,,1,,boston,75,25,,,1,,japan,1,2,58,my answer on the first one is so at odds with the percentages I chose because I'm lactose intolerant. But barring that I think most people would choose an ice crean cone simply because there's more food.,
R_5d02A0RBG1kPuO9,Default Response Set,Anonymous,,,352,0,11/14/13 11:33,11/14/13 11:39,1,before,packed,bottom,unpacked,unpacked,unpacked,1,1,4,7,,,,,,1,90,10,1,,,,Theater,40,60,1,,,,Vanilla ice cream cone,80,20,1,,,,San Francisco,70,30,,1,,,France,1,1,57,,
R_bjU7w2CnbXNk537,Default Response Set,Anonymous,,,36,0,11/14/13 11:32,11/14/13 11:39,1,before,unpacked,top,unpacked,packed,packed,1,1,4,7,,,,,,1,90,10,,,,1,Theater,50,50,,,,1,chocolate ice cream cone,30,70,,,1,,Seattle,85,15,,,1,,France,1,2,46,"I had a hard time with getting the survey to recognize my choices when typing them.  My first choice for the event would have been a sporting event, but I couldn't get it to accept my response even when I cut and pasted it.  The last question about a weekend trip I would have chose Washington DC, again it wouldn't take my response.  Just letting you know.  Thanks!",1
R_eJXJG582EzVZred,Default Response Set,Anonymous,,,157,0,11/14/13 11:38,11/14/13 11:40,1,after,unpacked,bottom,packed,unpacked,unpacked,1,1,4,7,,,,,,1,80,20,1,,,,NFL game,40,60,1,,,,Chocolate Chip cookie,40,60,,1,,,Washington D.C.,70,30,1,,,,Italy,1,1,31,n/a,
R_bfRTHMLK4h6QvRP,Default Response Set,Anonymous,,,298,0,11/14/13 11:36,11/14/13 11:40,1,before,packed,top,packed,packed,unpacked,1,1,4,7,,,,,,1,80,20,,,1,,Musical,40,60,,,,1,Chocolate Chip Cookie,50,50,,,,1,Portland,75,25,,,,1,France,1,1,28,,
R_6tEoeJAXugVctLv,Default Response Set,Anonymous,,,63,0,11/14/13 11:38,11/14/13 11:41,1,after,unpacked,bottom,packed,packed,packed,1,1,4,7,,,,,,1,85,15,,1,,,Theater,40,60,,1,,,chocolate ice cream cone,40,60,,1,,,Portland,70,30,1,,,,Italy,1,1,27,,
R_6KVQz4Ahgrb375r,Default Response Set,Anonymous,,,222,0,11/14/13 11:37,11/14/13 11:41,1,before,packed,top,unpacked,packed,packed,1,1,4,7,,,,,,1,70,30,,,,1,Theater,30,70,,,,1,Strawberry Ice Cream Cone,40,60,,,1,,Philadelphia,20,80,,,,1,Japan,1,2,51,None.,
R_5jviuwPcI8ei0bH,Default Response Set,Anonymous,,,9,0,11/14/13 11:39,11/14/13 11:41,1,before,packed,bottom,unpacked,unpacked,packed,1,1,4,7,,,,,,1,70,30,,1,,,Theater,40,60,1,,,,Oatmeal Raisin cookie,90,10,1,,,,Seattle,80,20,,1,,,Japan,1,1,19,,
R_0iGDB82Do9x9Cmh,Default Response Set,Anonymous,,,178,0,11/14/13 11:37,11/14/13 11:41,1,after,packed,bottom,unpacked,packed,packed,1,1,4,7,,,,,,1,75,25,,1,,,Theater,25,75,,1,,,Chocolate ice cream cone,50,50,1,,,,Boston,75,25,,1,,,Italy,1,1,30,should make your anwsers bubbles insted of having to write them.,
R_6X1ro6iTLtMNOpT,Default Response Set,Anonymous,,,141,0,11/14/13 11:36,11/14/13 11:41,1,before,unpacked,top,packed,unpacked,unpacked,1,1,4,7,,,,,,1,70,30,,,1,,Opera,30,70,,,1,,Chocolate ice cream cone,50,50,,,,1,Washington D.C.,85,15,,,1,,Germany,1,2,40,I enjoyed taking part in the study. Thank you!,
R_1AMsA1NTqlAzqOp,Default Response Set,Anonymous,,,59,0,11/14/13 11:39,11/14/13 11:41,1,after,packed,top,unpacked,packed,packed,1,1,4,7,,,,,,1,70,30,,,,1,NBA,40,60,,,,1,Chocolate ice cream cone,0,100,,,1,,San Francisco,30,70,,,,1,Vietnam,1,1,25,,
R_0B8QaImba6QdRxX,Default Response Set,Anonymous,,,209,0,11/14/13 11:39,11/14/13 11:41,1,before,unpacked,top,unpacked,packed,packed,1,1,4,7,,,,,,1,75,25,,,,1,Theater,40,60,,,,1,Vanilla ice cream cone,75,25,,,1,,Boston,75,25,,,1,,Germany,1,1,34,,
R_3qG4ZYVK6g7vFY1,Default Response Set,Anonymous,,,191,0,11/14/13 11:39,11/14/13 11:42,1,after,packed,bottom,packed,unpacked,unpacked,1,1,4,7,,,,,,1,70,30,1,,,,NFL game,65,35,1,,,,Peanut Butter cookie,20,80,,1,,,Philadelphia,80,20,,1,,,Italy,1,1,34,Not at this time,
R_6EDKImEadoDQGmp,Default Response Set,Anonymous,,,297,0,11/14/13 11:39,11/14/13 11:42,1,after,unpacked,top,packed,packed,unpacked,1,1,4,7,,,,,,1,95,5,,,1,,MLB game,60,40,,,,1,Chocolate ice cream cone,50,50,,,,1,Washington D.C.,85,15,,,1,,Italy,1,1,21,,
R_3CoNKntofadSzgp,Default Response Set,Anonymous,,,212,0,11/14/13 11:38,11/14/13 11:42,1,before,packed,top,unpacked,packed,packed,1,1,4,7,,,,,,1,80,20,,,,1,musical,40,60,,,,1,Chocolate chip,50,50,,,1,,seattle,80,20,,,,1,France,1,2,27,,
R_3ynfKX2cPDkWdUh,Default Response Set,Anonymous,,,136,0,11/14/13 11:39,11/14/13 11:42,1,before,unpacked,top,unpacked,packed,packed,1,1,4,7,,,,,,1,80,20,,,,1,Opera,75,25,,,,1,Chocolate ice cream cone,70,30,,,1,,Washington D.C.,80,20,,,1,,Japan,1,2,30,No comments.  Thank you!,
R_0GSI2LLJDMP1EJT,Default Response Set,Anonymous,,,40,0,11/14/13 11:40,11/14/13 11:42,1,after,unpacked,bottom,packed,unpacked,packed,1,1,4,7,,,,,,1,75,25,,1,,,NFL,50,50,1,,,,Peanut Butter Cookie,80,20,,1,,,Portland,60,40,1,,,,Japan,1,1,25,,
R_2ldLyx75nKV0VG5,Default Response Set,Anonymous,,,296,0,11/14/13 11:41,11/14/13 11:43,1,before,packed,bottom,packed,unpacked,unpacked,1,1,4,7,,,,,,1,60,40,1,,,,Musical,50,50,1,,,,vanilla ice cream cone,60,40,,1,,,San Francisco,60,40,,1,,,Italy,1,2,30,no,
R_8bTtBbF3F03tTy5,Default Response Set,Anonymous,,,285,0,11/14/13 11:37,11/14/13 11:43,1,after,unpacked,bottom,packed,unpacked,unpacked,1,1,4,7,,,,,,1,70,30,1,,,,NFL game,40,60,1,,,,oatmeal raisin cookie,50,50,,1,,,Boston,60,40,1,,,,France,1,2,33,,
R_0JauNUizsf7Rbvf,Default Response Set,Anonymous,,,8,0,11/14/13 11:40,11/14/13 11:43,1,before,packed,top,unpacked,packed,unpacked,1,1,4,7,,,,,,1,70,30,,,1,,Musical,50,50,,,,1,chocolate chip cookie,50,50,,,1,,Washington D.C.,80,20,,,,1,Germany,1,2,36,,
R_5ti3UG6LhvsqT1X,Default Response Set,Anonymous,,,45,0,11/14/13 11:40,11/14/13 11:43,1,before,packed,top,packed,packed,packed,1,1,4,7,,,,,,1,65,35,,,,1,Musical,40,60,,,,1,strawberry ice cream cone,50,50,,,,1,Boston,70,30,,,,1,Japan,1,2,18,,
R_5c3uzwlAxgGH2aF,Default Response Set,Anonymous,,,243,0,11/14/13 11:38,11/14/13 11:43,1,after,unpacked,bottom,unpacked,packed,packed,1,1,4,7,,,,,,1,50,50,,1,,,Musical,30,70,,1,,,Chocolate ice cream cone,50,50,1,,,,San Francisco,70,30,1,,,,Italy,1,1,38,"It was difficult to select a couple of the items. Didn't know if I had to spell it out, or put the letter, etc.",1
R_e9yI2E9tu7NINmZ,Default Response Set,Anonymous,,,132,0,11/14/13 11:40,11/14/13 11:43,1,before,packed,bottom,packed,packed,packed,1,1,4,7,,,,,,1,90,10,,1,,,nfl,20,80,,1,,,chocolate ice cream,25,75,,1,,,boston,50,50,,1,,,italy,1,1,28,no,
R_3XaPlZ0LkwjSDDn,Default Response Set,Anonymous,,,35,0,11/14/13 11:39,11/14/13 11:43,1,after,packed,bottom,packed,unpacked,unpacked,1,1,4,7,,,,,,1,30,70,1,,,,Musical,50,50,1,,,,Chocolate ice cream cone,50,50,,1,,,Boston,60,40,,1,,,Japan,1,2,22,,
R_6PQt45OCFe8XzTv,Default Response Set,Anonymous,,,121,0,11/14/13 11:40,11/14/13 11:43,1,before,unpacked,bottom,unpacked,unpacked,packed,1,1,4,7,,,,,,1,75,25,,1,,,Musical,40,60,1,,,,Oatmeal Raisin,50,50,1,,,,Philadelphia,40,60,1,,,,Japan,1,2,19,,
R_8xqOhDnnwegCLk1,Default Response Set,Anonymous,,,286,0,11/14/13 11:40,11/14/13 11:43,1,after,packed,top,packed,packed,unpacked,1,1,4,7,,,,,,1,70,30,,,1,,mlb game,70,30,,,,1,Strawberry ice cream,60,40,,,,1,San Francisco,55,45,,,,1,France,1,1,37,,
R_3l0q2GsKymIja0l,Default Response Set,Anonymous,,,14,0,11/14/13 11:38,11/14/13 11:43,1,before,packed,top,packed,unpacked,unpacked,1,1,4,7,,,,,,1,85,15,,,1,,MLB game,40,60,,,1,,Oatmeal Raisin cookie,50,50,,,,1,Philadelphia,80,20,,,,1,Japan,1,2,24,no.,
R_9LEH4qVgqrrFllP,Default Response Set,Anonymous,,,18,0,11/14/13 11:41,11/14/13 11:43,1,after,unpacked,top,packed,unpacked,unpacked,1,1,4,7,,,,,,1,70,30,,,1,,NFL game,30,70,,,1,,Chocolate Chip cookie,40,60,,,,1,Philadelphia,90,10,,,1,,France,1,1,24,,
R_bKORUkJsBlqvRkN,Default Response Set,Anonymous,,,204,0,11/14/13 11:38,11/14/13 11:44,1,before,unpacked,top,unpacked,packed,unpacked,1,1,4,7,,,,,,1,70,30,,,1,,NFL game,10,90,,,,1,chocolate ice cream cone,40,60,,,1,,San Francisco,90,10,,,1,,France,1,1,24,Nope!,
R_e39W6Q7bt2823hb,Default Response Set,Anonymous,,,319,0,11/14/13 11:41,11/14/13 11:44,1,before,unpacked,top,unpacked,unpacked,packed,1,1,4,7,,,,,,1,70,30,,,,1,NFL,50,50,,,1,,Oatmeal Raisin cookie,40,60,,,1,,Boston,75,25,,,1,,Germany,1,1,22,,
R_1FdUhLB05ZW4uTX,Default Response Set,Anonymous,,,330,0,11/14/13 11:38,11/14/13 11:44,1,after,packed,bottom,packed,unpacked,packed,1,1,4,7,,,,,,1,70,30,,1,,,NBA,65,35,1,,,,Oatmeal Raisin cookie,65,35,,1,,,Philadelphia,80,20,,1,,,Japan,1,1,25,,
R_0NyuLsrsPkwY3Mp,Default Response Set,Anonymous,,,313,0,11/14/13 11:40,11/14/13 11:44,1,before,unpacked,top,unpacked,unpacked,unpacked,1,1,4,7,,,,,,1,60,40,,,1,,NBA game,50,50,,,1,,Chocolate Chip cookie,60,40,,,1,,Seattle,75,25,,,1,,Italy,1,2,27,no,
R_4OwP7efNyxHDzlH,Default Response Set,Anonymous,,,74,0,11/14/13 11:40,11/14/13 11:44,1,after,unpacked,top,unpacked,packed,packed,1,1,4,7,,,,,,1,85,15,,,,1,NFL,50,50,,,,1,Chocolate Chip Cookie,70,30,,,1,,Washington D.C.,75,25,,,1,,Italy,1,1,45,"I live near Seattle so an East Coast trip is much more appealing to me than anything on the West Coast (been there, done that many times).",
R_4URA6jJn25iQc4t,Default Response Set,Anonymous,,,77,0,11/14/13 11:39,11/14/13 11:44,1,after,packed,bottom,unpacked,unpacked,packed,1,1,4,7,,,,,,1,90,10,,1,,,Theater,70,30,1,,,,Chocolate Chip cookie,85,15,1,,,,San Francisco,80,20,,1,,,Japan,1,2,37,Thank you for allowing me to participate.  Have a wonderful day!,
R_2soOtP7IPnryMg5,Default Response Set,Anonymous,,,71,0,11/14/13 11:42,11/14/13 11:44,1,before,unpacked,top,unpacked,packed,unpacked,1,1,4,7,,,,,,1,0,100,,,1,,Musical,0,100,,,,1,Vanilla,100,0,,,1,,San Francisco,0,100,,,1,,Japan,1,2,26,,
R_aa6WMCwyrap6nc1,Default Response Set,Anonymous,,,281,0,11/14/13 11:40,11/14/13 11:44,1,after,unpacked,bottom,unpacked,unpacked,unpacked,1,1,4,7,,,,,,1,75,25,1,,,,MLB game,50,50,1,,,,Chocolate Chip cookie,55,45,1,,,,San Francisco,65,35,1,,,,Japan,1,1,28,,
R_3KszReA50Hhn3nf,Default Response Set,Anonymous,,,65,0,11/14/13 11:42,11/14/13 11:44,1,after,unpacked,top,packed,packed,unpacked,1,1,4,7,,,,,,1,90,10,,,1,,Musical,30,70,,,,1,Peanut Butter Cookie,50,50,,,,1,Seattle,60,40,,,1,,Germany,1,1,39,,
R_efaBuZvs9YQGr4h,Default Response Set,Anonymous,,,306,0,11/14/13 11:42,11/14/13 11:44,1,after,unpacked,top,packed,packed,packed,1,1,4,7,,,,,,1,70,30,,,,1,Opera,50,50,,,,1,Vanilla ice cream cone,50,50,,,,1,San Francisco,60,40,,,1,,Italy,1,1,24,,
R_bIbulE3pRT1d56l,Default Response Set,Anonymous,,,101,0,11/14/13 11:42,11/14/13 11:45,1,after,unpacked,top,packed,unpacked,packed,1,1,4,7,,,,,,1,70,30,,,,1,NFL,40,60,,,1,,Chocolate Ice cream cone,60,40,,,,1,San Francisco,80,20,,,1,,Italy,1,1,21,,
R_8A1a6KZ1jcxkZcp,Default Response Set,Anonymous,,,101,0,11/14/13 11:42,11/14/13 11:45,1,before,unpacked,bottom,unpacked,unpacked,packed,1,1,4,7,,,,,,1,90,10,,1,,,NFL,60,40,1,,,,Oatmeal Raisin cookie,60,40,1,,,,Seattle,80,20,1,,,,Italy,1,1,20,,
R_bwGbSQ0r6RJgvch,Default Response Set,Anonymous,,,87,0,11/14/13 11:42,11/14/13 11:45,1,before,unpacked,bottom,unpacked,packed,unpacked,1,1,4,7,,,,,,1,85,15,1,,,,Theater,55,45,,1,,,Chocolate Chip Cookie,40,60,1,,,,Boston,80,20,1,,,,Japan,1,1,30,,
R_cHZebTLRWafwSUd,Default Response Set,Anonymous,,,54,0,11/14/13 11:40,11/14/13 11:45,1,after,unpacked,top,unpacked,unpacked,unpacked,1,1,4,7,,,,,,1,80,20,,,1,,MLB game,30,70,,,1,,Chocolate Chip cookie,65,35,,,1,,Seattle,90,10,,,1,,France,1,1,27,No,
R_9YtwByrMiqEY5Ol,Default Response Set,Anonymous,,,219,0,11/14/13 11:40,11/14/13 11:45,1,after,packed,bottom,packed,packed,packed,1,1,4,7,,,,,,1,55,45,,1,,,Theater,36,64,,1,,,Chocolate ice cream cone,62,38,,1,,,Boston,75,25,,1,,,France,1,2,33,This was an enjoyable study. ,
R_9ZdiTODRfCZYmi1,Default Response Set,Anonymous,,,30,0,11/14/13 11:42,11/14/13 11:45,1,before,packed,bottom,unpacked,unpacked,packed,1,1,4,7,,,,,,1,70,30,,1,,,Opera,60,40,1,,,,Chocolate Chip Cookie,60,40,1,,,,San Francisco,50,50,,1,,,Vietnam,1,1,22,,
R_d12Iu4trHEQ42nH,Default Response Set,Anonymous,,,39,0,11/14/13 11:41,11/14/13 11:45,1,before,packed,bottom,packed,packed,packed,1,1,4,7,,,,,,1,80,20,,1,,,NFL,70,30,,1,,,Chocolate Chip,30,70,,1,,,Washington D.C.,5,95,,1,,,China,1,1,44,,
R_9MFDDkVXTyJKanb,Default Response Set,Anonymous,,,15,0,11/14/13 11:42,11/14/13 11:45,1,after,packed,bottom,packed,packed,packed,1,1,4,7,,,,,,1,65,35,,1,,,nfl game,33,67,,1,,,Vanilla ice cream cone,35,65,,1,,,boston,65,35,,1,,,italy,1,1,34,quick and easy. thanks! ,
R_eRpRcqJGVc3y4pD,Default Response Set,Anonymous,,,24,0,11/14/13 11:44,11/14/13 11:45,1,after,unpacked,bottom,unpacked,unpacked,packed,1,1,4,7,,,,,,1,75,25,,1,,,Theater,75,25,1,,,,Chocolate Chip Cookie,90,10,1,,,,San Francisco,33,67,1,,,,Japan,1,1,25,,
R_bdV5eo98oxiECIB,Default Response Set,Anonymous,,,334,0,11/14/13 11:43,11/14/13 11:45,1,after,packed,bottom,unpacked,unpacked,unpacked,1,1,4,7,,,,,,1,70,30,1,,,,MLB game,60,40,1,,,,Peanut Butter cookie,60,40,1,,,,Portland,50,50,,1,,,Japan,1,1,30,,
R_ehYFVuhLWUkpxOd,Default Response Set,Anonymous,,,268,0,11/14/13 11:44,11/14/13 11:46,1,before,packed,top,packed,packed,unpacked,1,1,4,7,,,,,,1,40,60,,,1,,Theater,50,50,,,,1,strawberry ice cream cone,70,30,,,,1,San Francisco,75,25,,,,1,France,1,1,20,,
R_3lSuVert4PW7fdX,Default Response Set,Anonymous,,,98,0,11/14/13 11:43,11/14/13 11:46,1,after,packed,top,packed,packed,unpacked,1,1,4,7,,,,,,1,75,25,,,1,,Musical,25,75,,,,1,Strawberry ice cream cone,70,30,,,,1,Boston,80,20,,,,1,France,1,2,31,,
R_1zDmJoPajbTSAXH,Default Response Set,Anonymous,,,173,0,11/14/13 11:42,11/14/13 11:46,1,before,unpacked,top,unpacked,unpacked,unpacked,1,1,4,7,,,,,,1,65,35,,,1,,Musical,60,40,,,1,,Chocolate Chip cookie,50,50,,,1,,San Francisco,80,20,,,1,,Japan,1,2,23,,
R_cShldLh5tjLhNU9,Default Response Set,Anonymous,,,170,0,11/14/13 11:44,11/14/13 11:46,1,before,unpacked,bottom,packed,packed,unpacked,1,1,4,7,,,,,,1,40,60,1,,,,NBA GAME,30,70,,1,,,Chocolate ice cream cone,70,30,,1,,,Portland,60,40,1,,,,Italy,1,1,23,,
R_b32iISfn1TcXD7f,Default Response Set,Anonymous,,,13,0,11/14/13 11:41,11/14/13 11:46,1,after,unpacked,top,unpacked,packed,packed,1,1,4,7,,,,,,1,85,15,,,,1,theater,75,25,,,,1,Chocolate ice cream cone,50,50,,,1,,Seattle,70,30,,,1,,Italy,1,1,37,"I wanted to choose cookie, but for some reason it kept saying I was spelling it wrong no matter what I did.",1
R_9MiKebQ2cO9nObr,Default Response Set,Anonymous,,,111,0,11/14/13 11:44,11/14/13 11:47,1,after,unpacked,top,unpacked,packed,unpacked,1,1,4,7,,,,,,1,95,5,,,1,,NBA game,50,50,,,,1,Chocolate Ice cream cone,70,30,,,1,,San Francisco,80,20,,,1,,Germany,1,1,21,fun,
R_86VUR7eeKpRjm2V,Default Response Set,Anonymous,,,149,0,11/14/13 11:43,11/14/13 11:47,1,after,packed,bottom,packed,unpacked,packed,1,1,4,7,,,,,,1,50,50,,1,,,Musical,50,50,1,,,,Chocolate Chip Cookie,70,30,,1,,,Washington D.C.,90,10,,1,,,France,1,2,45,Thank you!,
R_3t0x4qmXkp22JNz,Default Response Set,Anonymous,,,277,0,11/14/13 11:43,11/14/13 11:47,1,after,packed,bottom,unpacked,packed,packed,1,1,4,7,,,,,,1,60,40,,1,,,NFL,30,70,,1,,,Peanut butter cookie,50,50,1,,,,San Francisco,80,20,,1,,,Japan,1,2,35,,
R_eKZSQJWtVvpS0qp,Default Response Set,Anonymous,,,329,0,11/14/13 11:45,11/14/13 11:47,1,after,packed,bottom,packed,unpacked,unpacked,1,1,4,7,,,,,,1,100,0,1,,,,NFL game,60,40,1,,,,Chocolate chip cookie,50,50,,1,,,Washington D.C.,80,20,,1,,,Italy,1,2,24,,
R_cMd8wj9FQAUaz9X,Default Response Set,Anonymous,,,287,0,11/14/13 11:42,11/14/13 11:47,1,after,unpacked,top,unpacked,unpacked,unpacked,1,1,4,7,,,,,,1,65,35,,,1,,NFL game,80,20,,,1,,Peanut Butter cookie,50,50,,,1,,Seattle,60,40,,,1,,Italy,1,2,24,,
R_7PBtOjm5qje8aMt,Default Response Set,Anonymous,,,19,0,11/14/13 11:41,11/14/13 11:48,1,before,packed,bottom,unpacked,packed,packed,1,1,4,7,,,,,,1,80,20,,1,,,NBA game,33,67,,1,,,Vanilla ice cream cone,50,50,1,,,,San Francisco,80,20,,1,,,Italy,1,1,26,,
R_dbqdRBa54viwd93,Default Response Set,Anonymous,,,257,0,11/14/13 11:45,11/14/13 11:48,1,after,unpacked,bottom,packed,unpacked,packed,1,1,4,7,,,,,,1,70,30,,1,,,NFL,50,50,1,,,,chocolate Ice cream cone,40,60,,1,,,San Francisco,80,20,1,,,,Italy,1,1,26,,
R_a8YAgSfkxmrRjSZ,Default Response Set,Anonymous,,,193,0,11/14/13 11:44,11/14/13 11:48,1,before,packed,bottom,packed,unpacked,packed,1,1,4,7,,,,,,1,60,40,,1,,,Theater,55,45,1,,,,Chocolate Chip cookie,50,50,,1,,,Washington D.C.,80,20,,1,,,Japan,1,2,28,,
R_e4EoF9M9ayKmDrf,Default Response Set,Anonymous,,,7,0,11/14/13 11:41,11/14/13 11:48,1,after,packed,bottom,packed,packed,unpacked,1,1,4,7,,,,,,1,60,40,1,,,,NFL Game,50,50,,1,,,Strawberry ice cream cone,30,70,,1,,,Boston,70,30,,1,,,France,1,2,29,,
R_djvcokbn8KxvUTr,Default Response Set,Anonymous,,,197,0,11/14/13 11:46,11/14/13 11:48,1,after,packed,bottom,unpacked,packed,unpacked,1,1,4,7,,,,,,1,80,20,1,,,,NFL Game,30,70,,1,,,Strawberry Ice Cream,60,40,1,,,,Seattle,70,30,,1,,,Japan,1,1,28,,
R_1MQKzGBKqoHyHCB,Default Response Set,Anonymous,,,216,0,11/14/13 11:39,11/14/13 11:49,1,before,unpacked,top,packed,packed,packed,1,1,4,7,,,,,,1,85,15,,,,1,Theater,10,90,,,,1,Vanilla ice cream cone,20,80,,,,1,Boston,75,25,,,1,,Italy,1,1,49,"suddenly, I crave ice cream. /  / Would have been easier with radio buttons. /  / That said, it was interesting.  Thanks for posting.",
R_9mndN4O4RV3ofCB,Default Response Set,Anonymous,,,253,0,11/14/13 11:42,11/14/13 11:49,1,after,packed,top,packed,unpacked,packed,1,1,4,7,,,,,,1,85,15,,,,1,Theater,40,60,,,1,,Chocolate Chip cookie,40,60,,,,1,Portland,65,35,,,,1,Japan,1,1,23,,
R_8ACd5mHFyaQg7qZ,Default Response Set,Anonymous,,,234,0,11/14/13 11:45,11/14/13 11:49,1,before,packed,top,packed,unpacked,packed,1,1,4,7,,,,,,1,70,30,,,,1,Opera,40,60,,,1,,Chocolate ice cream cone,50,50,,,,1,Portland,70,30,,,,1,France,1,1,32,Nope,
R_8pR0yV7uFvXWEu1,Default Response Set,Anonymous,,,47,0,11/14/13 11:43,11/14/13 11:49,1,before,unpacked,top,packed,unpacked,unpacked,1,1,4,7,,,,,,1,70,30,,,1,,NFL Game,50,50,,,1,,Peanut Butter cookie,70,30,,,,1,Boston,60,40,,,1,,Italy,1,1,32,very odd entry box.,
R_577CWGI2FFYdb25,Default Response Set,Anonymous,,,176,0,11/14/13 11:42,11/14/13 11:49,1,before,packed,bottom,unpacked,unpacked,unpacked,1,1,4,7,,,,,,1,60,40,1,,,,MLB game,35,65,1,,,,Chocolate Chip cookie,65,35,1,,,,Seattle,50,50,,1,,,Japan,1,1,55,,
R_cLUb4uj4xiPbKYd,Default Response Set,Anonymous,,,293,0,11/14/13 11:43,11/14/13 11:49,1,before,unpacked,top,packed,packed,packed,1,1,4,7,,,,,,1,80,20,,,,1,Theater,40,60,,,,1,Chocolate ice cream cone,60,40,,,,1,Washington D.C.,75,25,,,1,,Italy,1,2,38,,
R_03B34pYQ4P1IuP3,Default Response Set,Anonymous,,,311,0,11/14/13 11:45,11/14/13 11:49,1,before,packed,top,unpacked,packed,unpacked,1,1,4,7,,,,,,1,60,40,,,1,,Opera,15,85,,,,1,Chocolate ice cream cone,45,55,,,1,,Portland,70,30,,,,1,France,1,1,29,None thank you,
R_82eRg1G8kghVX3T,Default Response Set,Anonymous,,,325,0,11/14/13 11:47,11/14/13 11:50,1,after,unpacked,bottom,packed,packed,unpacked,1,1,4,7,,,,,,1,50,50,1,,,,NFL game,25,75,,1,,,Chocolate ice cream cone,50,50,,1,,,Washington D.C.,50,50,1,,,,Italy,1,2,37,,
R_bsaMPv1i1p5LLLf,Default Response Set,Anonymous,,,16,0,11/14/13 11:47,11/14/13 11:50,1,before,packed,bottom,packed,packed,unpacked,1,1,4,7,,,,,,1,60,40,1,,,,Musical,20,80,,1,,,Vanilla ice cream cone,30,70,,1,,,Washington D.C.,80,20,,1,,,Japan,1,1,26,,
R_1FSGob6MYAVOhql,Default Response Set,Anonymous,,,128,0,11/14/13 11:46,11/14/13 11:50,1,before,unpacked,bottom,packed,packed,packed,1,1,4,7,,,,,,1,70,30,,1,,,Theater,40,60,,1,,,Chocolate ice cream cone,60,40,,1,,,San Francisco,70,30,1,,,,France,1,1,24,,
R_dmPF0xu4guEqWu9,Default Response Set,Anonymous,,,221,0,11/14/13 11:47,11/14/13 11:50,1,after,packed,bottom,packed,unpacked,unpacked,1,1,4,7,,,,,,1,70,30,1,,,,NFL game,50,50,1,,,,Chocolate Chip cookie,50,50,,1,,,Boston,60,40,,1,,,China,1,1,43,no,
R_1RKQCOSijONGsip,Default Response Set,Anonymous,,,33,0,11/14/13 11:48,11/14/13 11:50,1,after,packed,top,packed,unpacked,packed,1,1,4,7,,,,,,1,70,30,,,,1,theater,35,65,,,1,,Vanilla ice cream,50,50,,,,1,San Francisco,50,50,,,,1,Germany,1,2,22,,
R_3DUS03viXQmV5Gd,Default Response Set,Anonymous,,,22,0,11/14/13 11:48,11/14/13 11:51,1,before,unpacked,bottom,unpacked,packed,unpacked,1,1,4,7,,,,,,1,60,40,1,,,,Musical,50,50,,1,,,Peanut Butter,40,60,1,,,,Seattle,70,30,1,,,,Germany,1,2,24,,
R_553qEU5cEFK8pWR,Default Response Set,Anonymous,,,309,0,11/14/13 11:48,11/14/13 11:51,1,before,packed,top,unpacked,unpacked,packed,1,1,4,7,,,,,,1,60,40,,,,1,MLB game,50,50,,,1,,Peanut Butter cookie,50,50,,,1,,Boston,70,30,,,,1,France,1,2,25,,
R_9uZvYoXR1jRf47H,Default Response Set,Anonymous,,,131,0,11/14/13 11:47,11/14/13 11:51,1,after,unpacked,top,unpacked,unpacked,packed,1,1,4,7,,,,,,1,50,50,,,,1,Theater,60,40,,,1,,Chocolate Chip cookie,25,75,,,1,,Seattle,50,50,,,1,,Italy,1,1,28,,
R_3CPvT6YKZcW1jDf,Default Response Set,Anonymous,,,86,0,11/14/13 11:49,11/14/13 11:51,1,after,packed,bottom,unpacked,unpacked,unpacked,1,1,4,7,,,,,,1,80,20,1,,,,Musical,50,50,1,,,,Peanut Butter cookie,65,35,1,,,,San Francisco,70,30,,1,,,Japan,1,2,27,none,
R_6ikgvFcrJTZVn3D,Default Response Set,Anonymous,,,261,0,11/14/13 11:48,11/14/13 11:51,1,before,packed,bottom,packed,packed,packed,1,1,4,7,,,,,,1,40,60,,1,,,Theater,80,20,,1,,,Chocolate Chip,50,50,,1,,,Seattle,20,80,,1,,,Japan,1,1,27,,
R_7QbefYeMNTfn5it,Default Response Set,Anonymous,,,331,0,11/14/13 11:49,11/14/13 11:51,1,after,unpacked,top,unpacked,unpacked,unpacked,1,1,4,7,,,,,,1,70,30,,,1,,NFL game,30,70,,,1,,Peanut Butter cookie,35,65,,,1,,portland,50,50,,,1,,Italy,1,1,35,,
R_7PzUkjfKTLKZcpf,Default Response Set,Anonymous,,,260,0,11/14/13 11:46,11/14/13 11:51,1,before,packed,top,unpacked,unpacked,packed,1,1,4,7,,,,,,1,70,30,,,,1,musical,20,80,,,1,,vanilla,80,20,,,1,,San Francisco,70,30,,,,1,france,1,2,30,,
R_9FgvypuMDvJ7f5X,Default Response Set,Anonymous,,,109,0,11/14/13 11:46,11/14/13 11:52,1,after,unpacked,bottom,packed,packed,unpacked,1,1,4,7,,,,,,1,80,20,1,,,,NFL game,60,40,,1,,,Vanilla ice cream cone,55,45,,1,,,Portland,65,35,1,,,,Italy,1,1,26,,
R_0Bs7NCBV7yUSpZH,Default Response Set,Anonymous,,,248,0,11/14/13 11:47,11/14/13 11:52,1,before,unpacked,top,unpacked,packed,packed,1,1,4,7,,,,,,1,60,40,,,,1,Opera,40,60,,,,1,Chocolate ice cream cone,40,60,,,1,,San Francisco,70,30,,,1,,italy,1,1,27,No.,
R_blbwaM3pY2M6HyJ,Default Response Set,Anonymous,,,34,0,11/14/13 11:50,11/14/13 11:53,1,before,packed,top,unpacked,unpacked,unpacked,1,1,4,7,,,,,,1,85,15,,,1,,NFL game,35,65,,,1,,Peanut Butter cookie,50,50,,,1,,Seattle,80,20,,,,1,Germany,1,1,21,,
R_1YcyI2slpAPEgrH,Default Response Set,Anonymous,,,269,0,11/14/13 11:51,11/14/13 11:53,1,after,packed,bottom,packed,unpacked,packed,1,1,4,7,,,,,,1,60,40,,1,,,Musical,50,50,1,,,,Peanut Butter cookie,60,40,,1,,,Portland,70,30,,1,,,Germany,1,1,18,<3,
R_8183HUWTbhvucEB,Default Response Set,Anonymous,,,73,0,11/14/13 11:50,11/14/13 11:53,1,after,unpacked,top,unpacked,packed,packed,1,1,4,7,,,,,,1,90,10,,,,1,NBA,25,75,,,,1,Strawberry ice cream cone,40,60,,,1,,Seattle,60,40,,,1,,Japan,1,1,27,,
R_erp3nZFEsMElEYB,Default Response Set,Anonymous,,,282,0,11/14/13 11:50,11/14/13 11:53,1,after,unpacked,bottom,packed,packed,packed,1,1,4,7,,,,,,1,90,10,,1,,,Theater,25,75,,1,,,Vanilla ice cream cone,70,30,,1,,,Portland,60,40,1,,,,France,1,2,30,,
R_dgoR8FnUMGthOT3,Default Response Set,Anonymous,,,55,0,11/14/13 11:52,11/14/13 11:53,1,before,unpacked,bottom,packed,packed,packed,1,1,4,7,,,,,,1,90,10,,1,,,NBA,60,40,,1,,,Chocolate Chip Cookie,60,40,,1,,,San Francisco,70,30,1,,,,Japan,1,1,26,none,
R_efJOBIthjjg67T7,Default Response Set,Anonymous,,,110,0,11/14/13 11:49,11/14/13 11:53,1,before,unpacked,top,packed,packed,packed,1,1,4,7,,,,,,1,80,20,,,,1,Musical,50,50,,,,1,Chocolate ice cream cone,80,20,,,,1,San Francisco,70,30,,,1,,Japan,1,2,26,,
R_6nv5gs0cxQUyNhj,Default Response Set,Anonymous,,,252,0,11/14/13 11:51,11/14/13 11:54,1,before,unpacked,top,unpacked,packed,unpacked,1,1,4,7,,,,,,1,75,25,,,1,,NFL game,60,40,,,,1,Chocolate Chip Cookie,30,70,,,1,,Portland,85,15,,,1,,Italy,1,2,22,No,
R_73scFX84yEifjnv,Default Response Set,Anonymous,,,196,0,11/14/13 11:52,11/14/13 11:55,1,after,packed,top,unpacked,unpacked,unpacked,1,1,4,7,,,,,,1,100,0,,,1,,NFL game,60,40,,,1,,Chocolate Chip cookie,50,50,,,1,,Seattle,80,20,,,,1,Italy,1,1,24,,
R_2gCAqQSTtGz5xJP,Default Response Set,Anonymous,,,245,0,11/14/13 11:51,11/14/13 11:55,1,after,packed,bottom,packed,unpacked,packed,1,1,4,7,,,,,,1,70,30,,1,,,MLB,60,40,1,,,,Chocolate Chip cookie,40,60,,1,,,Portland,70,30,,1,,,Germany,1,1,44,Thank you that was fun.,
R_bg8d9FPcO5Xwfm5,Default Response Set,Anonymous,,,20,0,11/14/13 11:53,11/14/13 11:55,1,after,packed,bottom,packed,unpacked,packed,1,1,4,7,,,,,,1,75,25,,1,,,Theater,50,50,1,,,,peanut butter cookie,50,50,,1,,,Seattle,75,25,,1,,,Germany,1,2,19,,
R_1Aje5jCNibYcVWR,Default Response Set,Anonymous,,,61,0,11/14/13 11:51,11/14/13 11:55,1,before,packed,bottom,packed,unpacked,unpacked,1,1,4,7,,,,,,1,80,20,1,,,,NFL,45,55,1,,,,CHOCOLATE CHIP COOKIE,70,30,,1,,,SAN FRANCISCO,65,35,,1,,,FRANCE,1,1,43,NONE,
R_b71FBBYWcm5fD1P,Default Response Set,Anonymous,,,56,0,11/14/13 11:50,11/14/13 11:55,1,after,packed,top,unpacked,packed,packed,1,1,4,7,,,,,,1,100,0,,,,1,MLB game,55,45,,,,1,Chocolate Chip,70,30,,,1,,San Francisco,40,60,,,,1,China,1,1,29,Thank you!,
R_6EV26KU9Pt4cthj,Default Response Set,Anonymous,,,103,0,11/14/13 11:52,11/14/13 11:56,1,before,unpacked,top,unpacked,packed,unpacked,1,1,4,7,,,,,,1,50,50,,,1,,Opera,45,55,,,,1,Vanilla ice cream cone,30,70,,,1,,Boston,65,35,,,1,,Italy,1,1,27,,
R_88txtCsK4CmYhO5,Default Response Set,Anonymous,,,346,0,11/14/13 11:50,11/14/13 11:56,1,before,unpacked,bottom,packed,unpacked,unpacked,1,1,4,7,,,,,,1,25,75,1,,,,Musical,50,50,1,,,,Peanut butter cookie,50,50,,1,,,Washington D.C.,75,25,1,,,,Germany,1,2,30,,
R_5c1Z083un2WPNfT,Default Response Set,Anonymous,,,235,0,11/14/13 11:55,11/14/13 11:57,1,after,unpacked,top,unpacked,unpacked,unpacked,1,1,4,7,,,,,,1,90,10,,,1,,MLB game,50,50,,,1,,Peanut Butter cookie,40,60,,,1,,San Francisco,50,50,,,1,,Germany,1,1,26,,
R_3n2DOP47Q5qBNVX,Default Response Set,Anonymous,,,202,0,11/14/13 11:53,11/14/13 11:57,1,after,unpacked,bottom,packed,unpacked,unpacked,1,1,4,7,,,,,,1,85,15,1,,,,NBA,50,50,1,,,,Chocolate Chip cookie,80,20,,1,,,San Francisco,75,25,1,,,,Italy,1,1,34,,
R_23LIWFp64CHV7IV,Default Response Set,Anonymous,,,6,0,11/14/13 11:55,11/14/13 11:57,1,before,packed,bottom,unpacked,unpacked,packed,1,1,4,7,,,,,,1,60,40,,1,,,Theater,50,50,1,,,,Chocolate Chip Cookie,50,50,1,,,,Portland,70,30,,1,,,France,1,2,27,,
R_1BSqtGtwHlJxL25,Default Response Set,Anonymous,,,237,0,11/14/13 11:50,11/14/13 11:57,1,before,packed,bottom,unpacked,unpacked,unpacked,1,1,4,7,,,,,,1,60,40,1,,,,NBA,40,60,1,,,,Peanut butter cookie,70,30,1,,,,San francisco,65,35,,1,,,Japan,1,2,23,"Yes - having to retype answers was time consuming and could invalidate your results cuz ppl might just type ""Japan"" cuz it's shorter than the other answers. I tried one time to select cultural events and because of all the text I might have just been one character off but it wouldn't accept my answer ",1
R_02HCz3HDdLfFmhD,Default Response Set,Anonymous,,,300,0,11/14/13 11:55,11/14/13 11:58,1,before,packed,bottom,packed,packed,packed,1,1,4,7,,,,,,1,80,20,,1,,,NBA game,60,40,,1,,,Chocolate ice cream cone,60,40,,1,,,Portland,70,30,,1,,,France,1,1,28,None. Thanks for this opportunity.,
R_0vWwpfPxIYKBocB,Default Response Set,Anonymous,,,106,0,11/14/13 11:55,11/14/13 11:59,1,before,packed,bottom,unpacked,packed,packed,1,1,4,7,,,,,,1,80,20,,1,,,nfl,20,80,,1,,,Strawberry ice cream cone,50,50,1,,,,San Francisco,50,50,,1,,,Japan,1,1,20,,
R_2boPFXGSGuOXknX,Default Response Set,Anonymous,,,274,0,11/14/13 11:56,11/14/13 11:59,1,before,unpacked,top,packed,unpacked,packed,1,1,4,7,,,,,,1,70,30,,,,1,Musical,40,60,,,1,,Chocolate Chip Cookie,40,60,,,,1,San Francisco,50,50,,,1,,France,1,2,25,"Very easy to understand, and the format was great! ",
R_0jOVWFCywpymJlb,Default Response Set,Anonymous,,,51,0,11/14/13 11:51,11/14/13 11:59,1,after,unpacked,bottom,packed,packed,packed,1,1,4,7,,,,,,1,20,80,,1,,,Theater,20,80,,1,,,Chocolate ice cream cone,40,60,,1,,,Philadelphia,80,20,1,,,,Italy,1,1,29,,
R_1T9hDIrwlfoj0wt,Default Response Set,Anonymous,,,267,0,11/14/13 11:56,11/14/13 11:59,1,after,packed,top,unpacked,unpacked,unpacked,1,1,4,7,,,,,,1,70,30,,,1,,NBA game,35,65,,,1,,Chocolate Ice Cream Cone,60,40,,,1,,Seattle,70,30,,,,1,Italy,1,1,29,,
R_3w6EOiBfAH7OfAN,Default Response Set,Anonymous,,,102,0,11/14/13 11:56,11/14/13 12:00,1,after,unpacked,top,unpacked,packed,unpacked,1,1,4,7,,,,,,1,90,10,,,1,,nfl,50,50,,,,1,vanilla,0,100,,,1,,boston,50,50,,,1,,Vietnam,1,1,30,,
R_cRPvdxMz0R0piEl,Default Response Set,Anonymous,,,155,0,11/14/13 11:56,11/14/13 12:00,1,after,packed,bottom,unpacked,packed,unpacked,1,1,4,7,,,,,,1,100,0,1,,,,nfl,50,50,,1,,,strawberry,10,90,1,,,,seattle,50,50,,1,,,vietnam,1,2,54,,
R_5gLZgoJ0i74dXrT,Default Response Set,Anonymous,,,194,0,11/14/13 11:58,11/14/13 12:00,1,before,packed,bottom,unpacked,unpacked,unpacked,1,1,4,7,,,,,,1,75,25,1,,,,NBA Game,50,50,1,,,,Chocolate Chip Cookie,65,35,1,,,,Washington D.C.,60,40,,1,,,Japan,1,1,19,,
R_8iwGWyyuxgW0lNj,Default Response Set,Anonymous,,,146,0,11/14/13 11:58,11/14/13 12:01,1,after,packed,top,packed,packed,unpacked,1,1,4,7,,,,,,1,75,25,,,1,,NFL game,50,50,,,,1,Strawberry ice cream cone,60,40,,,,1,Washington D.C.,90,10,,,,1,Italy,1,2,36,none,
R_ahCRoeHTgmYYUjb,Default Response Set,Anonymous,,,52,0,11/14/13 11:55,11/14/13 12:01,1,before,packed,top,unpacked,packed,packed,1,1,4,7,,,,,,1,70,30,,,,1,MLB,50,50,,,,1,Chocolate Chip,50,50,,,1,,Seattle,70,30,,,,1,Japan,1,2,34,,
R_0NAe9yxh2kaqUJf,Default Response Set,Anonymous,,,348,0,11/14/13 11:57,11/14/13 12:01,1,before,unpacked,bottom,packed,packed,packed,1,1,4,7,,,,,,1,65,35,,1,,,Theater,45,55,,1,,,Chocolate ice cream cone,40,60,,1,,,Seattle,70,30,1,,,,Germany,1,2,21,,
R_elYdqnYIEJ8KJJr,Default Response Set,Anonymous,,,229,0,11/14/13 11:58,11/14/13 12:02,1,after,packed,top,packed,unpacked,unpacked,1,1,4,7,,,,,,1,70,30,,,1,,NFL game,60,40,,,1,,Vanilla Ice cream cone,50,50,,,,1,Boston,70,30,,,,1,Germany,1,2,30,,
R_0IdPEy5wOqzXAwZ,Default Response Set,Anonymous,,,4,0,11/14/13 12:00,11/14/13 12:02,1,before,unpacked,bottom,unpacked,packed,packed,1,1,4,7,,,,,,1,80,20,,1,,,Theater,30,70,,1,,,Strawberry ice cream cone,1,99,1,,,,Washington D.C.,75,25,1,,,,Italy,1,1,25,,
R_davdyLqJRC6Bu61,Default Response Set,Anonymous,,,351,0,11/14/13 11:56,11/14/13 12:02,1,after,packed,top,packed,packed,packed,1,1,4,7,,,,,,1,85,15,,,,1,NBA,20,80,,,,1,Vanilla ice cream cone,35,65,,,,1,Washington D.C.,57,43,,,,1,Japan,1,1,19,You should add another attention question.,
R_ai4P4XPKPO2rn8h,Default Response Set,Anonymous,,,120,0,11/14/13 11:58,11/14/13 12:02,1,after,unpacked,top,packed,packed,packed,1,1,4,7,,,,,,1,80,20,,,,1,Musical,60,40,,,,1,Strawberry ice cream cone,60,40,,,,1,Washington D.C.,50,50,,,1,,Germany,1,2,20,,
R_79QRkgyc7pRyFDL,Default Response Set,Anonymous,,,137,0,11/14/13 11:58,11/14/13 12:03,1,before,unpacked,bottom,unpacked,packed,packed,1,1,4,7,,,,,,1,70,30,,1,,,NBA,40,60,,1,,,Chocolate Chip,50,50,1,,,,San Francisco,70,30,1,,,,France,1,1,23,,
R_ai92GwxJRUoElMN,Default Response Set,Anonymous,,,165,0,11/14/13 12:00,11/14/13 12:03,1,after,unpacked,top,packed,packed,unpacked,1,1,4,7,,,,,,1,70,30,,,1,,MLB game,15,85,,,,1,Vanilla ice cream cone,80,20,,,,1,Boston,80,20,,,1,,Germany,1,1,21,,
R_5jUhfF8M9mfbUOh,Default Response Set,Anonymous,,,182,0,11/14/13 12:00,11/14/13 12:03,1,before,packed,bottom,unpacked,unpacked,packed,1,1,4,7,,,,,,1,75,25,,1,,,NFL,50,50,1,,,,Chocolate Chip cookie,80,20,1,,,,Portland,60,40,,1,,,Japan,1,1,27,,
R_bfkU36gpLrDVrtH,Default Response Set,Anonymous,,,272,0,11/14/13 12:00,11/14/13 12:03,1,after,packed,top,packed,unpacked,unpacked,1,1,4,7,,,,,,1,70,30,,,1,,NFL game,20,80,,,1,,Chocolate Ice Cream,70,30,,,,1,Seattle,90,10,,,,1,Italy,1,1,25,,
R_8JjLWkskEe8cbiZ,Default Response Set,Anonymous,,,60,0,11/14/13 11:59,11/14/13 12:03,1,after,packed,top,packed,unpacked,unpacked,1,1,4,7,,,,,,1,75,25,,,1,,NBA game,40,60,,,1,,Chocolate Chip cookie,30,70,,,,1,Washington D.C.,90,10,,,,1,Germany,1,1,33,No,
R_diH8dQc44J8Pn6d,Default Response Set,Anonymous,,,133,0,11/14/13 12:01,11/14/13 12:04,1,before,unpacked,top,packed,packed,unpacked,1,1,4,7,,,,,,1,20,80,,,1,,Theater,40,60,,,,1,Oatmeal Raisin,80,20,,,,1,Portland,30,70,,,1,,Japan,1,1,45,,
R_5inHm8aCo5Pnftb,Default Response Set,Anonymous,,,66,0,11/14/13 12:02,11/14/13 12:04,1,after,unpacked,bottom,packed,packed,unpacked,1,1,4,7,,,,,,1,90,10,1,,,,NFL game,30,70,,1,,,chocolate ice cream,50,50,,1,,,Boston,50,50,1,,,,Japan,1,1,24,,
R_aWWxtmpUJBL6fat,Default Response Set,Anonymous,,,41,0,11/14/13 11:49,11/14/13 12:05,1,after,unpacked,top,packed,packed,packed,1,1,4,7,,,,,,1,80,20,,,,1,Theater,3,97,,,,1,Vanilla ice cream cone,20,80,,,,1,Washington D.C.,80,20,,,1,,Japan,1,2,23,,
R_9t9nObj6NXGal6J,Default Response Set,Anonymous,,,23,0,11/14/13 12:00,11/14/13 12:05,1,before,unpacked,top,unpacked,packed,packed,1,1,4,7,,,,,,1,80,20,,,,1,theater,40,60,,,,1,Chocolate ice cream,45,55,,,1,,Seattle,70,30,,,1,,Germany,1,1,18,,
R_72Hc2r9VGRdeuRn,Default Response Set,Anonymous,,,186,0,11/14/13 12:02,11/14/13 12:05,1,after,packed,bottom,unpacked,unpacked,packed,1,1,4,7,,,,,,1,80,20,,1,,,Musical,30,70,1,,,,Chocolate chip cookie,25,75,1,,,,Washington D.C.,40,60,,1,,,China,1,1,21,,
R_0GPQj27sp618Jpj,Default Response Set,Anonymous,,,145,0,11/14/13 12:02,11/14/13 12:05,1,after,unpacked,top,unpacked,packed,packed,1,1,4,7,,,,,,1,70,30,,,,1,NFL game,50,50,,,,1,Strawberry ice cream cone,50,50,,,1,,Seattle,50,50,,,1,,Germany,1,1,27,,
R_d0ZC4R5ZFE3CwRf,Default Response Set,Anonymous,,,316,0,11/14/13 11:59,11/14/13 12:05,1,after,packed,top,unpacked,packed,unpacked,1,1,4,7,,,,,,1,50,50,,,1,,NFL game,40,60,,,,1,Chocolate ice cream cone,60,40,,,1,,Portland,80,20,,,,1,Italy,1,1,22,"Having to type, rather than select the answers, was quite annoying.  At first I tried just the letter heading, then I tried both the letter and the answer, then finally managed to proceed with just the answer.  That was rather poorly implemented in my opinion.",
R_5Bd29L0yJnmZQLr,Default Response Set,Anonymous,,,38,0,11/14/13 12:03,11/14/13 12:05,1,before,packed,bottom,packed,unpacked,unpacked,1,1,4,7,,,,,,1,90,10,1,,,,MLB Game,30,70,1,,,,Chocolate Chip Cookie,50,50,,1,,,Boston,80,20,,1,,,Italy,1,1,20,,
R_cZRn1D2X51W13Rb,Default Response Set,Anonymous,,,42,0,11/14/13 12:00,11/14/13 12:06,1,before,unpacked,top,packed,unpacked,packed,1,1,4,7,,,,,,1,95,5,,,,1,MLB game,60,40,,,1,,Chocolate Chip cookie,70,30,,,,1,San Francisco,80,20,,,1,,France,1,1,21,"Typing in the response gave me some issues. For instance, I wasn't sure whether or not to type in the letter (A, B, C, D) of the option I had chosen, and there were a lot of errors when choosing the option with multiple choices, such as the West coast city option. It would have been nice to just be able to select an option by checking off a box or bubble.",1
R_bfiGHDYKjnG9IlD,Default Response Set,Anonymous,,,326,0,11/14/13 12:05,11/14/13 12:06,1,after,unpacked,top,unpacked,packed,packed,1,1,4,7,,,,,,1,70,30,,,,1,Musical,40,60,,,,1,Strawberry ice cream cone,30,70,,,1,,San Francisco,80,20,,,1,,Italy,1,1,33,,
R_6iqh1diWGgand2d,Default Response Set,Anonymous,,,135,0,11/14/13 12:04,11/14/13 12:07,1,before,packed,bottom,packed,unpacked,unpacked,1,1,4,7,,,,,,1,80,20,1,,,,NBA,50,50,1,,,,Chocolate Chip cookie,60,40,,1,,,Washington D.C.,50,50,,1,,,Japan,1,1,23,No,
R_1YPRUxLAmf99DzD,Default Response Set,Anonymous,,,69,0,11/14/13 12:05,11/14/13 12:07,1,after,packed,bottom,packed,packed,packed,1,1,4,7,,,,,,1,80,20,,1,,,Theater,20,80,,1,,,Vanilla ice cream cone,35,65,,1,,,Boston,80,20,,1,,,Japan,1,1,25,,
R_3wVSgSspm7lfqw5,Default Response Set,Anonymous,,,242,0,11/14/13 12:04,11/14/13 12:07,1,after,packed,bottom,packed,unpacked,packed,1,1,4,7,,,,,,1,75,25,,1,,,NBA,30,70,1,,,,vanilla,60,40,,1,,,Portland,60,40,,1,,,Germany,1,1,27,,
R_ctGhJS1U6oqSVIF,Default Response Set,Anonymous,,,183,0,11/14/13 12:03,11/14/13 12:08,1,before,packed,top,unpacked,packed,unpacked,1,1,4,7,,,,,,1,75,25,,,1,,MLB GAME,15,85,,,,1,Strawberry ice cream cone,50,50,,,1,,PHILADELPHIA,95,5,,,,1,Italy,1,2,22,Everything ran smooth on my desktop.,
R_cYoaumhlhmTrAgt,Default Response Set,Anonymous,,,218,0,11/14/13 12:06,11/14/13 12:08,1,after,packed,bottom,packed,packed,unpacked,1,1,4,7,,,,,,1,50,50,1,,,,Theater,30,70,,1,,,Vanilla ice cream cone,40,60,,1,,,Portland,70,30,,1,,,Vietnam,1,2,26,,
R_3IfQdlFIbcYMZff,Default Response Set,Anonymous,,,304,0,11/14/13 12:02,11/14/13 12:08,1,before,packed,bottom,packed,unpacked,unpacked,1,1,4,7,,,,,,1,70,30,1,,,,MLB game,40,60,1,,,,Vanilla ice cream cone,70,30,,1,,,San Francisco,80,20,,1,,,Italy,1,1,28,,
R_1HvLHQVZZDdvX25,Default Response Set,Anonymous,,,333,0,11/14/13 12:05,11/14/13 12:08,1,before,unpacked,top,packed,packed,unpacked,1,1,4,7,,,,,,1,95,5,,,1,,nfl,80,20,,,,1,chocolate chip,70,30,,,,1,San Francisco,90,10,,,1,,France,1,1,29,,
R_2ovq1Kkqkyz0Mmx,Default Response Set,Anonymous,,,323,0,11/14/13 12:06,11/14/13 12:08,1,after,packed,bottom,unpacked,unpacked,packed,1,1,4,7,,,,,,1,50,50,,1,,,theater,75,25,1,,,,Chocolate Chip cookie,50,50,1,,,,seattle,60,40,,1,,,japan,1,1,30,no,
R_eUSeYIK82fYcQuh,Default Response Set,Anonymous,,,162,0,11/14/13 12:03,11/14/13 12:09,1,after,unpacked,top,unpacked,packed,packed,1,1,4,7,,,,,,1,70,30,,,,1,NFL,80,20,,,,1,Chocolate Chip Cookie,50,50,,,1,,San Francisco,60,40,,,1,,Italy,1,1,23,,
R_bK2DLcLdNedX5Wd,Default Response Set,Anonymous,,,175,0,11/14/13 12:03,11/14/13 12:09,1,after,unpacked,bottom,packed,unpacked,packed,1,1,4,7,,,,,,1,60,40,,1,,,Theater,50,50,1,,,,Oatmeal Raisin cookie,60,40,,1,,,Philadelphia,65,35,1,,,,China,1,2,55,,
R_djo9LbArSThyAqF,Default Response Set,Anonymous,,,264,0,11/14/13 11:59,11/14/13 12:10,1,before,unpacked,bottom,packed,unpacked,packed,1,1,4,7,,,,,,1,70,30,,1,,,NFL game,50,50,1,,,,Chocolate ice cream,60,40,,1,,,Washington D.C.,80,20,1,,,,Italy,1,2,24,"None, thank you.",
R_3HFXYmggLh6Ux1z,Default Response Set,Anonymous,,,195,0,11/14/13 12:06,11/14/13 12:10,1,before,unpacked,top,unpacked,unpacked,packed,1,1,4,7,,,,,,1,90,10,,,,1,nfl,45,55,,,1,,chocolate chip cookie,55,45,,,1,,san francisco,25,75,,,1,,france,1,1,33,,
R_b7RJ4fsX6xFC3o9,Default Response Set,Anonymous,,,213,0,11/14/13 12:07,11/14/13 12:11,1,after,packed,bottom,packed,unpacked,packed,1,1,4,7,,,,,,1,50,50,,1,,,Theater,25,75,1,,,,Oatmeal Raisin cookie,50,50,,1,,,Washington D.C.,50,50,,1,,,Japan,1,1,24,Was not able to select the options that had () in them.,1
R_9pq79Hst56GmTXf,Default Response Set,Anonymous,,,280,0,11/14/13 12:08,11/14/13 12:12,1,before,packed,bottom,packed,unpacked,packed,1,1,4,7,,,,,,1,80,20,,1,,,NFL,35,65,1,,,,Oatmeal Raisin cookie,45,55,,1,,,San Francisco,75,25,,1,,,France,1,2,34,none,
R_2rjLfGVbII2EG6F,Default Response Set,Anonymous,,,160,0,11/14/13 12:09,11/14/13 12:12,1,before,unpacked,top,unpacked,unpacked,packed,1,1,4,7,,,,,,1,60,40,,,,1,Theater,50,50,,,1,,Peanut Butter cookie,50,50,,,1,,Portland,70,30,,,1,,Germany,1,1,29,thank you,
R_25bCEiG4hipp3Ct,Default Response Set,Anonymous,,,12,0,11/14/13 12:08,11/14/13 12:12,1,after,unpacked,bottom,unpacked,packed,packed,1,1,4,7,,,,,,1,0,100,,1,,,Opera,0,100,,1,,,Vanilla ice cream cone,50,50,1,,,,Seattle,0,100,1,,,,Japan,1,1,31,none,
R_02FuGn3ewAX3BXL,Default Response Set,Anonymous,,,214,0,11/14/13 12:09,11/14/13 12:12,1,after,packed,bottom,packed,packed,unpacked,1,1,4,7,,,,,,1,75,25,1,,,,NFL,50,50,,1,,,Strawberry Ice Cream cone,50,50,,1,,,Boston,75,25,,1,,,Germany,1,1,45,,
R_bNTiMmMWru27aJL,Default Response Set,Anonymous,,,31,0,11/14/13 12:10,11/14/13 12:13,1,before,unpacked,top,packed,packed,unpacked,1,1,4,7,,,,,,1,70,30,,,1,,NBA game,25,75,,,,1,Strawberry ice cream cone,70,30,,,,1,Boston,80,20,,,1,,Italy,1,1,19,,
R_0jsNP7gwbpUzYWx,Default Response Set,Anonymous,,,99,0,11/14/13 12:08,11/14/13 12:14,1,before,packed,top,packed,unpacked,unpacked,1,1,4,7,,,,,,1,50,50,,,1,,Musical,50,50,,,1,,Peanut Butter cookie,75,25,,,,1,San Francisco,75,25,,,,1,France,1,2,34,NONE,
R_000ys5B7cAY7F89,Default Response Set,Anonymous,,,317,0,11/14/13 12:08,11/14/13 12:14,1,after,unpacked,top,unpacked,packed,unpacked,1,1,4,7,,,,,,1,80,20,,,1,,Theater,40,60,,,,1,Chocolate ice cream cone,50,50,,,1,,Philadelphia,50,50,,,1,,France,1,1,30,,
R_bsCO5dRilyz1l2J,Default Response Set,Anonymous,,,210,0,11/14/13 12:03,11/14/13 12:15,1,before,unpacked,top,unpacked,packed,unpacked,1,1,4,7,,,,,,1,90,10,,,1,,NFL game,70,30,,,,1,Chocolate ice cream cone,40,60,,,1,,San Francisco,40,60,,,1,,Italy,1,2,28,,
R_emKHxpIxOwWrVXL,Default Response Set,Anonymous,,,150,0,11/14/13 11:54,11/14/13 12:15,1,before,packed,top,unpacked,packed,packed,1,1,4,7,,,,,,1,70,30,,,,1,Musical,75,25,,,,1,Chocolate Chip Cookie,60,40,,,1,,Seattle,70,30,,,,1,Japan,1,1,23,No comments,
R_8oYjkbMKj5h2fjL,Default Response Set,Anonymous,,,232,0,11/14/13 12:10,11/14/13 12:15,1,before,packed,bottom,packed,unpacked,packed,1,1,4,7,,,,,,1,70,30,,1,,,NFL,55,45,1,,,,vanilla Ice cream cone,60,40,,1,,,Seattle,80,20,,1,,,Germany,1,1,53,no,
R_56YOXkFGGoPvtVH,Default Response Set,Anonymous,,,332,0,11/14/13 12:14,11/14/13 12:18,1,after,unpacked,top,packed,packed,unpacked,1,1,4,7,,,,,,1,75,25,,,1,,NFL game,50,50,,,,1,Chocolate ice cream cone,50,50,,,,1,Boston,80,20,,,1,,Italy,1,1,38,,
R_bCUTpwzZ0pbfidv,Default Response Set,Anonymous,,,143,0,11/14/13 12:17,11/14/13 12:20,1,after,unpacked,top,unpacked,packed,unpacked,1,1,4,7,,,,,,1,4,96,,,1,,NBA Game,100,0,,,,1,Vanilla ice cream cone,100,0,,,1,,Portland,0,100,,,1,,Germany,1,1,24,,
R_1XrXVzP4grGYUst,Default Response Set,Anonymous,,,46,0,11/14/13 12:20,11/14/13 12:22,1,before,packed,bottom,packed,unpacked,packed,1,1,4,7,,,,,,1,60,40,,1,,,theater,40,60,1,,,,Vanilla,50,50,,1,,,San Francisco,80,20,,1,,,Italy,1,2,24,,
R_eaMgQNfsDoQu9ZH,Default Response Set,Anonymous,,,344,0,11/14/13 12:20,11/14/13 12:25,1,before,unpacked,top,unpacked,unpacked,packed,1,1,4,7,,,,,,1,60,40,,,,1,Opera,40,60,,,1,,Chocolate Chip cookie,40,60,,,1,,Seattle,75,25,,,1,,Germany,1,1,43,This was interesting.,
R_07GmcLuH5tf879b,Default Response Set,Anonymous,,,37,0,11/14/13 12:24,11/14/13 12:28,1,after,packed,bottom,packed,packed,unpacked,1,1,4,7,,,,,,1,75,25,1,,,,theater,50,50,,1,,,chocolate ice cream cone,30,70,,1,,,Washington D.C.,60,40,,1,,,Germany,1,2,48,none,
R_25X5me9TTECZtch,Default Response Set,Anonymous,,,57,0,11/14/13 12:27,11/14/13 12:30,1,before,packed,top,unpacked,unpacked,unpacked,1,1,4,7,,,,,,1,80,20,,,1,,Theater,75,25,,,1,,Oatmeal Raisin cookie,40,60,,,1,,Washington D.C.,65,35,,,,1,Japan,1,1,21,,
R_eM45tkK6CZbz9LD,Default Response Set,Anonymous,,,187,0,11/14/13 10:32,11/14/13 10:33,0,before,packed,bottom,packed,unpacked,unpacked,1,1,5,6,,,,,,,,,,,,,,,,,,,,,,,,,,,,,,,,,,,,,,,
R_3juKGJS2n2odXDL,Default Response Set,Anonymous,,,177,0,11/14/13 10:31,11/14/13 10:34,0,before,packed,bottom,packed,unpacked,packed,1,1,4,7,,,,,,1,75,25,,,,,,,,,,,,,,,,,,,,,,,,,,,,,,,
R_b9s2Wr92qYSxHh3,Default Response Set,Anonymous,,,350,0,11/14/13 10:34,11/14/13 10:35,0,after,unpacked,bottom,packed,unpacked,unpacked,1,1,4,7,,,,,,1,,,,,,,,,,,,,,,,,,,,,,,,,,,,,,,,,
R_a4Ml3zSMWXG8LRj,Default Response Set,Anonymous,,,223,0,11/14/13 10:37,11/14/13 10:37,0,before,unpacked,top,packed,unpacked,unpacked,1,1,6,5,,,,,,,,,,,,,,,,,,,,,,,,,,,,,,,,,,,,,,,
R_2s0WTsewXF6VChT,Default Response Set,Anonymous,,,151,0,11/14/13 10:37,11/14/13 10:37,0,after,unpacked,bottom,packed,packed,packed,1,1,4,4,,,,,,,,,,,,,,,,,,,,,,,,,,,,,,,,,,,,,,,
R_bwqmkYvFGIHpS3H,Default Response Set,Anonymous,,,126,0,11/14/13 10:42,11/14/13 10:42,0,before,packed,top,packed,unpacked,unpacked,1,1,1,2,,,,,,,,,,,,,,,,,,,,,,,,,,,,,,,,,,,,,,,
R_1TVHVJd9kCoE0Sh,Default Response Set,Anonymous,,,130,0,11/14/13 10:53,11/14/13 10:53,0,before,packed,bottom,packed,unpacked,packed,1,,,,,,,,,,,,,,,,,,,,,,,,,,,,,,,,,,,,,,,,,,
R_cOvnLVqnTlUpjTL,Default Response Set,Anonymous,,,343,0,11/14/13 10:55,11/14/13 10:55,0,before,packed,bottom,packed,packed,packed,1,1,4,3,,,,,,,,,,,,,,,,,,,,,,,,,,,,,,,,,,,,,,,
R_3w8cunfpJI1CuHz,Default Response Set,Anonymous,,,25,0,11/14/13 10:57,11/14/13 10:57,0,before,unpacked,bottom,packed,packed,packed,1,1,3,5,,,,,,,,,,,,,,,,,,,,,,,,,,,,,,,,,,,,,,,
R_7PAhopkMmJJ4LEF,Default Response Set,Anonymous,,,340,0,11/14/13 11:01,11/14/13 11:02,0,after,unpacked,bottom,packed,packed,unpacked,1,1,6,7,,,,,,,,,,,,,,,,,,,,,,,,,,,,,,,,,,,,,,,
R_aYkhQb3FCk42JrT,Default Response Set,Anonymous,,,58,0,11/14/13 11:02,11/14/13 11:03,0,before,unpacked,bottom,packed,packed,unpacked,1,1,3,5,,,,,,,,,,,,,,,,,,,,,,,,,,,,,,,,,,,,,,,
R_5uvzLo3Gxto3NdP,Default Response Set,Anonymous,,,321,0,11/14/13 11:02,11/14/13 11:04,0,before,unpacked,bottom,packed,unpacked,packed,1,1,4,7,,,,,,1,60,40,,,,,,,,,,,,,,,,,,,,,,,,,,,,,,,
R_9MgFslNIzK1HrsV,Default Response Set,Anonymous,,,236,0,11/14/13 10:59,11/14/13 11:04,0,before,unpacked,bottom,packed,packed,unpacked,1,1,4,7,,,,,,1,0,100,,,,,,,,,,,,,,,,,,,,,,,,,,,,,,,
R_egS54zCBr9gaU61,Default Response Set,Anonymous,,,156,0,11/14/13 11:04,11/14/13 11:08,0,after,packed,top,packed,packed,packed,1,1,4,7,,,,,,1,,,,,,,,,,,,,,,40,60,,,,1,Boston,,,,,,,,,,,,
R_9RFPstfuIaWm6CF,Default Response Set,Anonymous,,,347,0,11/14/13 11:03,11/14/13 11:09,0,after,packed,bottom,unpacked,unpacked,packed,1,1,4,7,,,,,,1,,,,,,,,,,,,,,,,,,,,,,75,25,,1,,,Italy,,,,,
R_eFLtrl2FAfj8R37,Default Response Set,Anonymous,,,93,0,11/14/13 11:11,11/14/13 11:11,0,after,packed,bottom,unpacked,unpacked,unpacked,1,1,4,3,,,,,,,,,,,,,,,,,,,,,,,,,,,,,,,,,,,,,,,
R_diKws4rPHrYxY2x,Default Response Set,Anonymous,,,2,0,11/14/13 11:12,11/14/13 11:13,0,after,packed,top,unpacked,packed,packed,1,1,3,7,,,,,,,,,,,,,,,,,,,,,,,,,,,,,,,,,,,,,,,
R_5dvxy722hKDJEoJ,Default Response Set,Anonymous,,,354,0,11/14/13 11:13,11/14/13 11:14,0,after,packed,top,packed,unpacked,packed,1,1,1,4,,,,,,,,,,,,,,,,,,,,,,,,,,,,,,,,,,,,,,,
R_1M8iFBVbKMiEXul,Default Response Set,Anonymous,,,93,0,11/14/13 11:13,11/14/13 11:14,0,after,packed,top,packed,unpacked,packed,1,1,4,7,,,,,,1,,,,,,,,,,,,,,,,,,,,,,,,,,,,,,,,,
R_cusI1pcALntAEF7,Default Response Set,Anonymous,,,276,0,11/14/13 11:08,11/14/13 11:15,0,after,packed,top,packed,packed,unpacked,1,1,7,7,,,,,,,,,,,,,,,,,,,,,,,,,,,,,,,,,,,,,,,
R_0MzF2nDkXNsARgN,Default Response Set,Anonymous,,,75,0,11/14/13 11:15,11/14/13 11:17,0,before,packed,top,packed,unpacked,unpacked,1,1,4,7,,,,,,1,,,,,,,,50,50,,,,,,,,,,,,,,,,,,,,,,,,
R_0GPMm4fPT6AxBVb,Default Response Set,Anonymous,,,283,0,11/14/13 11:22,11/14/13 11:22,0,before,unpacked,bottom,unpacked,unpacked,packed,1,,,,,,,,,,,,,,,,,,,,,,,,,,,,,,,,,,,,,,,,,,
R_8J5WdKlsTvdyxoN,Default Response Set,Anonymous,,,305,0,11/14/13 11:26,11/14/13 11:26,0,after,packed,top,packed,packed,packed,1,1,2,5,,,,,,,,,,,,,,,,,,,,,,,,,,,,,,,,,,,,,,,
R_bOx8HNomqj69b37,Default Response Set,Anonymous,,,227,0,11/14/13 11:22,11/14/13 11:28,0,before,unpacked,top,unpacked,unpacked,packed,1,1,4,7,,,,,,1,,,,,,,,25,75,,,,,,,,,,,,,,,,,,,,,,,,
R_eleQ341dJqEQyWN,Default Response Set,Anonymous,,,67,0,11/14/13 11:28,11/14/13 11:29,0,after,packed,top,unpacked,packed,packed,1,1,1,6,,,,,,,,,,,,,,,,,,,,,,,,,,,,,,,,,,,,,,,
R_0e9aEwohSW1L2Ad,Default Response Set,Anonymous,,,88,0,11/14/13 11:30,11/14/13 11:31,0,before,packed,bottom,packed,unpacked,packed,1,1,5,7,,,,,,,,,,,,,,,,,,,,,,,,,,,,,,,,,,,,,,,
R_2sJklLh0xQwjnM1,Default Response Set,Anonymous,,,138,0,11/14/13 11:30,11/14/13 11:31,0,after,unpacked,top,unpacked,packed,unpacked,1,1,7,7,,,,,,,,,,,,,,,,,,,,,,,,,,,,,,,,,,,,,,,
R_8IzvajuKgklkqHz,Default Response Set,Anonymous,,,50,0,11/14/13 11:32,11/14/13 11:33,0,before,packed,top,packed,packed,packed,1,1,4,7,,,,,,1,75,25,,,,,,40,60,,,,1,peanut butter cookie,60,40,,,,1,San Francisco,80,20,,,,1,Italy,,,,,
R_9ZbfsgpPa4Q4GAB,Default Response Set,Anonymous,,,29,0,11/14/13 11:34,11/14/13 11:34,0,before,packed,top,unpacked,unpacked,unpacked,1,1,4,3,,,,,,,,,,,,,,,,,,,,,,,,,,,,,,,,,,,,,,,
R_0olRyS4dbZ2l6ZL,Default Response Set,Anonymous,,,203,0,11/14/13 11:36,11/14/13 11:38,0,after,unpacked,bottom,unpacked,unpacked,packed,1,1,4,7,,,,,,1,,,,,,,,,,,,,,,,,,,,,,,,,,,,,,,,,
R_cYFU1ybrpQvkDNr,Default Response Set,Anonymous,,,158,0,11/14/13 11:35,11/14/13 11:38,0,before,packed,bottom,unpacked,packed,unpacked,1,1,4,7,,,,,,1,,,,,,,,60,40,,,,,,,,,,,,,,,,,,,,,,,,
R_0fzl8AXP43BpJ7n,Default Response Set,Anonymous,,,107,0,11/14/13 11:38,11/14/13 11:38,0,before,unpacked,bottom,packed,packed,unpacked,1,1,2,5,,,,,,,,,,,,,,,,,,,,,,,,,,,,,,,,,,,,,,,
R_bPFgb2zEDvmBJOZ,Default Response Set,Anonymous,,,249,0,11/14/13 11:38,11/14/13 11:38,0,after,packed,top,unpacked,unpacked,packed,1,1,4,3,,,,,,,,,,,,,,,,,,,,,,,,,,,,,,,,,,,,,,,
R_a66d5wa9oyygqk5,Default Response Set,Anonymous,,,246,0,11/14/13 11:39,11/14/13 11:39,0,before,unpacked,top,packed,packed,unpacked,1,1,4,3,,,,,,,,,,,,,,,,,,,,,,,,,,,,,,,,,,,,,,,
R_3sZrcgnhRqtnBoF,Default Response Set,Anonymous,,,184,0,11/14/13 11:39,11/14/13 11:41,0,after,packed,bottom,unpacked,unpacked,unpacked,1,1,4,7,,,,,,1,,,,,,,,,,,,,,,,,,,,,,,,,,,,,,,,,
R_6m9aKC7hcRbVssB,Default Response Set,Anonymous,,,174,0,11/14/13 11:40,11/14/13 11:41,0,before,packed,bottom,packed,unpacked,unpacked,1,1,6,6,,,,,,,,,,,,,,,,,,,,,,,,,,,,,,,,,,,,,,,
R_aibCxyyOdIinvHn,Default Response Set,Anonymous,,,72,0,11/14/13 11:42,11/14/13 11:43,0,before,packed,bottom,unpacked,packed,unpacked,1,1,4,3,,,,,,,,,,,,,,,,,,,,,,,,,,,,,,,,,,,,,,,
R_ezY6YLsRMirresd,Default Response Set,Anonymous,,,142,0,11/14/13 11:44,11/14/13 11:45,0,after,packed,top,unpacked,unpacked,packed,1,,,,,,,,,,,,,,,,,,,,,,,,,,,,,,,,,,,,,,,,,,
R_0pviVoeMrlnasHb,Default Response Set,Anonymous,,,259,0,11/14/13 11:44,11/14/13 11:45,0,before,unpacked,top,unpacked,packed,unpacked,1,1,2,3,,,,,,,,,,,,,,,,,,,,,,,,,,,,,,,,,,,,,,,
R_5sVsDsThl0SxXlb,Default Response Set,Anonymous,,,201,0,11/14/13 11:44,11/14/13 11:45,0,after,unpacked,bottom,unpacked,packed,unpacked,1,1,4,3,,,,,,,,,,,,,,,,,,,,,,,,,,,,,,,,,,,,,,,
R_cvbO5DilNM6vBPf,Default Response Set,Anonymous,,,299,0,11/14/13 11:45,11/14/13 11:45,0,before,unpacked,top,unpacked,packed,packed,1,1,3,5,,,,,,,,,,,,,,,,,,,,,,,,,,,,,,,,,,,,,,,
R_0GuNsQLhd36VtnD,Default Response Set,Anonymous,,,251,0,11/14/13 11:46,11/14/13 11:46,0,after,unpacked,bottom,packed,packed,unpacked,1,1,4,3,,,,,,,,,,,,,,,,,,,,,,,,,,,,,,,,,,,,,,,
R_eqH51MxFSPEkqy1,Default Response Set,Anonymous,,,28,0,11/14/13 11:45,11/14/13 11:46,0,before,unpacked,top,packed,unpacked,packed,1,1,6,6,,,,,,,,,,,,,,,,,,,,,,,,,,,,,,,,,,,,,,,
R_88Mt1nFinrHFr81,Default Response Set,Anonymous,,,1,0,11/14/13 11:46,11/14/13 11:47,0,after,packed,top,unpacked,unpacked,unpacked,1,1,3,3,,,,,,,,,,,,,,,,,,,,,,,,,,,,,,,,,,,,,,,
R_9QRZctl4yzkY3rf,Default Response Set,Anonymous,,,338,0,11/14/13 11:46,11/14/13 11:46,0,before,packed,top,unpacked,unpacked,packed,1,1,6,5,,,,,,,,,,,,,,,,,,,,,,,,,,,,,,,,,,,,,,,
R_0fuzsNby6AAwE5f,Default Response Set,Anonymous,,,302,0,11/14/13 11:51,11/14/13 11:51,0,before,unpacked,top,unpacked,packed,unpacked,1,1,6,5,,,,,,,,,,,,,,,,,,,,,,,,,,,,,,,,,,,,,,,
R_0cGvvrL1lxdtmSN,Default Response Set,Anonymous,,,5,0,11/14/13 11:51,11/14/13 11:51,0,before,packed,top,unpacked,unpacked,unpacked,1,1,6,6,,,,,,,,,,,,,,,,,,,,,,,,,,,,,,,,,,,,,,,
R_agAgDXua7k44hXT,Default Response Set,Anonymous,,,324,0,11/14/13 11:55,11/14/13 11:55,0,after,unpacked,top,packed,unpacked,unpacked,1,1,7,7,,,,,,,,,,,,,,,,,,,,,,,,,,,,,,,,,,,,,,,
R_51gcRvIHlGjCNEN,Default Response Set,Anonymous,,,342,0,11/14/13 11:55,11/14/13 11:56,0,before,unpacked,bottom,unpacked,unpacked,unpacked,1,1,2,7,,,,,,,,,,,,,,,,,,,,,,,,,,,,,,,,,,,,,,,
R_cLVdSKXnGhOSGWx,Default Response Set,Anonymous,,,166,0,11/14/13 11:56,11/14/13 11:56,0,before,packed,bottom,packed,unpacked,packed,1,1,4,5,,,,,,,,,,,,,,,,,,,,,,,,,,,,,,,,,,,,,,,
R_e3EdKd6SA4eLITX,Default Response Set,Anonymous,,,224,0,11/14/13 11:55,11/14/13 11:56,0,after,unpacked,bottom,packed,unpacked,unpacked,1,1,4,7,,,,,,1,,,,,,,,,,,,,,,,,,,,,,,,,,,,,,,,,
R_6J4Ex6Ts5ccA9j7,Default Response Set,Anonymous,,,83,0,11/14/13 11:55,11/14/13 11:57,0,after,unpacked,top,packed,packed,unpacked,1,1,5,3,,,,,,,,,,,,,,,,,,,,,,,,,,,,,,,,,,,,,,,
R_e8JclsGEZDTY1db,Default Response Set,Anonymous,,,100,0,11/14/13 12:02,11/14/13 12:02,0,before,packed,top,unpacked,unpacked,packed,1,1,3,6,,,,,,,,,,,,,,,,,,,,,,,,,,,,,,,,,,,,,,,
R_1I9621mQjGX76gR,Default Response Set,Anonymous,,,185,0,11/14/13 11:59,11/14/13 12:05,0,before,unpacked,bottom,unpacked,packed,packed,1,1,4,7,,,,,,1,,,,,,,,60,40,,,,,,,,,,,,,60,40,1,,,,Italy,,,,,
R_3BHCdHqzRIAMLuB,Default Response Set,Anonymous,,,265,0,11/14/13 12:01,11/14/13 12:08,0,after,packed,bottom,packed,unpacked,unpacked,1,1,4,7,,,,,,1,,,,,,,,,,,,,,,,,,,,,,,,,,,,,,,,,
R_9NAxCfPkublM3pr,Default Response Set,Anonymous,,,310,0,11/14/13 12:10,11/14/13 12:10,0,after,packed,bottom,unpacked,unpacked,packed,1,1,4,5,,,,,,,,,,,,,,,,,,,,,,,,,,,,,,,,,,,,,,,