V1,V2,V3,V4,V5,V6,V7,V8,V9,V10,workerId,assignmentId,hitId,risky options,cond,grouped option,position,Q1,Q2_1,Q2_2,Q2_3,Q2_4,Q3,Q4,Q5_1,Q5_2,Q5_3,Q5_4,Q5_5,Q5_6,Q6_1,Q6_2,Q6_3,Q6_4,Q6_5,Q6_6,Q7_1,Q7_2,Q7_3,Q7_4,Q7_5,Q7_6,Q8_1,Q8_2,Q8_3,Q8_4,Q8_5,Q8_6,Q9,Q10,Q11_1,Q12,LocationLatitude,LocationLongitude,LocationAccuracy,
ResponseID,ResponseSet,Name,ExternalDataReference,EmailAddress,IPAddress,Status,StartDate,EndDate,Finished,workerId,assignmentId,hitId,risky options,cond,grouped option,position,"According to our servers, you are trying to complete this survey on a mobile device. This survey...",Timing-First Click,Timing-Last Click,Timing-Page Submit,Timing-Click Count,Consent Form This research study is designed to examine how people make judgments and decisions....,On the next page you will see six gambles that vary in their degree of riskiness. You will choose...,"Below are descriptions of six different chance gambles, labeled A through F. Please indicate the...-1","Below are descriptions of six different chance gambles, labeled A through F. Please indicate the...-2","Below are descriptions of six different chance gambles, labeled A through F. Please indicate the...-3","Below are descriptions of six different chance gambles, labeled A through F. Please indicate the...-4","Below are descriptions of six different chance gambles, labeled A through F. Please indicate the...-5","Below are descriptions of six different chance gambles, labeled A through F. Please indicate the...-6","Below are descriptions of six different chance gambles, labeled A through F. Please indicate the...-1","Below are descriptions of six different chance gambles, labeled A through F. Please indicate the...-2","Below are descriptions of six different chance gambles, labeled A through F. Please indicate the...-3","Below are descriptions of six different chance gambles, labeled A through F. Please indicate the...-4","Below are descriptions of six different chance gambles, labeled A through F. Please indicate the...-5","Below are descriptions of six different chance gambles, labeled A through F. Please indicate the...-6","Below are descriptions of six different chance gambles, labeled A through F. Please indicate the...-1","Below are descriptions of six different chance gambles, labeled A through F. Please indicate the...-2","Below are descriptions of six different chance gambles, labeled A through F. Please indicate the...-3","Below are descriptions of six different chance gambles, labeled A through F. Please indicate the...-4","Below are descriptions of six different chance gambles, labeled A through F. Please indicate the...-5","Below are descriptions of six different chance gambles, labeled A through F. Please indicate the...-6","Below are descriptions of six different chance gambles, labeled A through F. Please indicate the...-1","Below are descriptions of six different chance gambles, labeled A through F. Please indicate the...-2","Below are descriptions of six different chance gambles, labeled A through F. Please indicate the...-3","Below are descriptions of six different chance gambles, labeled A through F. Please indicate the...-4","Below are descriptions of six different chance gambles, labeled A through F. Please indicate the...-5","Below are descriptions of six different chance gambles, labeled A through F. Please indicate the...-6",Very good. Some final questions before you complete the survey:,Please indicate your gender: ,How old are you?-years old,"Any questions, comments, or suggestions for this study?",LocationLatitude,LocationLongitude,LocationAccuracy,
R_1daEpJCgah2XZ3Y,Default Response Set,Anonymous,,,70.186.98.111,0,2018-05-10 08:00:23,2018-05-10 08:00:52,1,A4Y0U84ELE1EK,31Z0PCVWULYIB9EO8Z5T277KDJG7T8,3VLL1PIENQ7JW7HS5B6BAXY9F93ZOI,unpacked,1,bottom,1,,,,,,1,1,1,1,1,1,1,2,,,,,,,,,,,,,,,,,,,1,1,32,,29.825607299805,-90.121101379395,-1,
R_3gNG6gU8hIPiFww,Default Response Set,Anonymous,,,104.14.110.135,0,2018-05-10 08:00:28,2018-05-10 08:01:07,1,A376F1W1MTY3J,3YZ8UPK3VU53N3O9ZL3ENPL0X8ECUX,356TQKY9XFGXR5O6FZPWMRFAQBN78W,unpacked,1,bottom,1,,,,,,1,1,1,1,1,2,1,1,,,,,,,,,,,,,,,,,,,1,2,37,,42.953598022461,-85.657600402832,-1,
R_WB8nEJ8IGfdjEkh,Default Response Set,Anonymous,,,128.82.15.231,0,2018-05-10 08:00:29,2018-05-10 08:01:09,1,A3CPB2008DHUTO,3KGTPGBS6Y4QPLW72SE8BCCELH12UE,3R5LWXWHR0R6ZZ0FGA5I839WGNEXGW,packed,0,bottom,1,,,,,,1,1,,,,,,,2,1,1,1,1,1,,,,,,,,,,,,,1,1,22,,36.931198120117,-76.239700317383,-1,
R_UXg8okumNcb483T,Default Response Set,Anonymous,,,64.121.102.112,0,2018-05-10 08:00:32,2018-05-10 08:01:13,1,A1G187YBG0DVMQ,3C2NJ6JBKB0DUVCY5R2MXHKKDL82NM,3CMIQF80GN9KT9AXIJ14240EP6OQ6Q,packed,0,top,0,,,,,,1,1,,,,,,,,,,,,,,,,,,,1,1,1,1,1,2,1,1,26,,40.590194702148,-75.354698181152,-1,
R_dmnEL2MN6lSgdJ7,Default Response Set,Anonymous,,,72.84.245.183,0,2018-05-10 08:00:27,2018-05-10 08:01:14,1,AJACXA5FC5BYZ,3CN4LGXD5Y7H98VZG7UL7CFP1J7Y43,3VLL1PIENQ7JW7HS5B6BAXY9F93ZOI,unpacked,1,top,0,,,,,,1,1,,,,,,,,,,,,,2,1,1,1,1,1,,,,,,,1,2,42,None,37.467697143555,-77.589996337891,-1,
R_2xL5zTulYN2QHqt,Default Response Set,Anonymous,,,184.6.95.154,0,2018-05-10 08:00:46,2018-05-10 08:01:29,1,A2DVV59R1CQU6T,3Q8GYXHFEQLM2OYUYKV6FDTKYRL5C8,391FPZIE4C5SIR1VVBCD9WMT15AUH0,unpacked,1,top,0,,,,,,1,1,,,,,,,,,,,,,1,2,1,1,1,1,,,,,,,1,1,28,Thank you!,38.661407470703,-92.685897827148,-1,
R_3GvsZsTHhl3ES8J,Default Response Set,Anonymous,,,47.185.28.26,0,2018-05-10 08:00:40,2018-05-10 08:01:41,1,A3JGGP1X9S0XIS,3WS1NTTKEZVUATW3SGFV6OIWEW20FT,391FPZIE4C5SIR1VVBCD9WMT15AUH0,packed,0,bottom,1,,,,,,1,1,,,,,,,2,1,1,1,1,1,,,,,,,,,,,,,1,1,29,No,32.934600830078,-97.25170135498,-1,
R_2s0B0xdJBE9Qd1B,Default Response Set,Anonymous,,,107.172.197.186,0,2018-05-10 08:01:09,2018-05-10 08:01:42,1,ATGP8OKJDQEJA,3PWWM24LHTHSROPUZPD3FKUPOQ9824,391FPZIE4C5SIR1VVBCD9WMT15AUH0,unpacked,1,top,0,,,,,,1,1,,,,,,,,,,,,,1,2,1,1,1,1,,,,,,,1,1,30,good,42.88639831543,-78.87809753418,-1,
R_R520sndCdMkfswF,Default Response Set,Anonymous,,,68.117.199.91,0,2018-05-10 08:00:59,2018-05-10 08:01:43,1,A375RWIN1AA4UW,3DIP6YHAPDBKM41AS984HL3ELTZ8E6,3VMHWJRYHVZ0LZ4K5QZ0QI9KF8EXFX,packed,0,top,0,,,,,,1,1,,,,,,,,,,,,,,,,,,,1,1,1,2,1,1,1,2,27,no,34.009094238281,-84.008796691895,-1,
R_DUgiW93BmHtJEA1,Default Response Set,Anonymous,,,73.2.32.170,0,2018-05-10 08:01:03,2018-05-10 08:01:45,1,A3NYJXXESCY4BJ,3ZWFC4W1UVQIANG2MTYAQKJJNM2FR7,3D1TUISJWIJSEMCF1TUY98N81IPUIT,packed,0,top,0,,,,,,1,1,,,,,,,,,,,,,,,,,,,1,1,1,2,1,1,1,1,35,,36.750503540039,-119.67330169678,-1,
R_3IRfusHiSS8TP2k,Default Response Set,Anonymous,,,75.105.78.94,0,2018-05-10 08:00:29,2018-05-10 08:01:46,1,A2XS5QI4YX493N,32SVAV9L3GSVVUES0NBMUL5CKS9A3L,356TQKY9XFGXR5O6FZPWMRFAQBN78W,unpacked,1,bottom,1,,,,,,1,1,1,1,1,2,1,1,,,,,,,,,,,,,,,,,,,1,2,33,,37.751007080078,-97.821998596191,-1,
R_1IRyAbzZj2Thoin,Default Response Set,Anonymous,,,96.33.242.77,0,2018-05-10 08:01:02,2018-05-10 08:01:51,1,A6Q2VUSUIJT55,3WAKVUDHUXZXBMTD84V373TMWXN7UZ,3FULMHZ7OUGFT78R7218OXWVJEM4MX,packed,0,top,0,,,,,,1,1,,,,,,,,,,,,,,,,,,,1,1,1,2,1,1,1,2,32,,35.104995727539,-85.772102355957,-1,
R_3PSLn5jfU2rCTMI,Default Response Set,Anonymous,,,65.24.117.162,0,2018-05-10 08:00:49,2018-05-10 08:01:55,1,A1PKCBFB4QY19G,3IKZ72A5B5ZXVPOATMHTH0E9MPDFNJ,3RKHNXPHGWFJKH231WFAMO2LTMEUK4,unpacked,1,top,0,,,,,,1,1,,,,,,,,,,,,,2,1,1,1,1,1,,,,,,,1,2,25,,39.923202514648,-82.876602172852,-1,
R_VWpqSG49pXzxBSN,Default Response Set,Anonymous,,,35.200.13.151,0,2018-05-10 08:01:46,2018-05-10 08:02:12,1,A89R5XGMHOTJE,33C7UALJVMHL237YGLDPA1KKWKV81N,356TQKY9XFGXR5O6FZPWMRFAQBN78W,packed,0,bottom,1,,,,,,1,1,,,,,,,1,2,1,1,1,1,,,,,,,,,,,,,1,2,24,,35,105,-1,
R_2uJ7iwQmXj3FALK,Default Response Set,Anonymous,,,73.165.184.111,0,2018-05-10 08:00:58,2018-05-10 08:02:17,1,A3CWEN6Y21V7TL,3AZHRG4CU53ZUHGA8LET5FTZB6X30N,3TCFMTM8HE78U47FA2ZMBQBU1PV21R,unpacked,1,bottom,1,,,,,,1,1,1,1,1,1,2,1,,,,,,,,,,,,,,,,,,,1,2,69,no,40.221603393555,-75.237998962402,-1,
R_C4wzKDL4gywYW6B,Default Response Set,Anonymous,,,108.245.152.51,0,2018-05-10 08:00:47,2018-05-10 08:02:17,1,A3CF8ULBSE8MTL,3TXMY6UCAF7BVAHSICJ9DOOBUN8CQS,3UQVX1UPFS08NFMXEJVMXLSKWXP20O,unpacked,1,top,0,,,,,,1,1,,,,,,,,,,,,,2,1,1,1,1,1,,,,,,,1,2,23,,37.790496826172,-85.484802246094,-1,
R_ONg3RD6b2AlijQZ,Default Response Set,Anonymous,,,71.8.86.183,0,2018-05-10 08:00:50,2018-05-10 08:02:22,1,A3L2UB07EZJAMD,3TU5ZICBREK9J7RF1034B2SS4WMQ8Z,372AGES0I4OXOP9TWLZU77N3IWPRXM,packed,0,bottom,1,,,,,,1,1,,,,,,,2,1,1,1,1,1,,,,,,,,,,,,,1,1,49,Thank you.,33.315093994141,-86.755996704102,-1,
R_2qydQq7VwebG9Nl,Default Response Set,Anonymous,,,65.130.212.200,0,2018-05-10 08:01:50,2018-05-10 08:02:35,1,A21H0JE7TM7RX5,3RRCEFRB7NVLW02O6FG1Z1HOGAQB42,307L9TDWJYB0TTANJPBPR7TPA4ZN3U,unpacked,1,bottom,1,,,,,,1,1,1,1,1,2,1,1,,,,,,,,,,,,,,,,,,,1,2,27,n/a,40.658294677734,-111.92310333252,-1,
R_vGJqe9SiipeaLId,Default Response Set,Anonymous,,,71.224.221.126,0,2018-05-10 08:01:52,2018-05-10 08:02:36,1,A3IP6UCY1JIIHV,336YQZE83WXZBAALB9PKI9YWS5P5MQ,3PZDSVZ3J50LBPTRJ3G81CLVO4VN4F,packed,0,top,0,,,,,,1,1,,,,,,,,,,,,,,,,,,,1,1,1,2,1,1,1,1,34,,40.091796875,-75.256202697754,-1,
R_2t3F0FRY141O2rH,Default Response Set,Anonymous,,,71.34.134.30,0,2018-05-10 08:01:54,2018-05-10 08:02:41,1,A1PVWZ8ZYJHCOJ,3EICBYG645FU9NDFNMZ0GNCPGSGJC8,372AGES0I4OXOP9TWLZU77N3IWPRXM,unpacked,1,top,0,,,,,,1,1,,,,,,,,,,,,,2,1,1,1,1,1,,,,,,,1,1,76,no,38.876495361328,-104.82879638672,-1,
R_UG7EnE66eLcbgBz,Default Response Set,Anonymous,,,45.47.32.189,0,2018-05-10 08:02:22,2018-05-10 08:02:51,1,A3MFK5UEUG95M3,3QXNC7EIPJEL9J5QPUF3WSWLBY7091,3HEADTGN2PB5K04YW6YCJMQI2LHRVJ,unpacked,1,top,0,,,,,,1,1,,,,,,,,,,,,,2,1,1,1,1,1,,,,,,,1,1,34,,43.153198242188,-76.211601257324,-1,
R_1gjXEfi9lsjWFVs,Default Response Set,Anonymous,,,184.174.185.210,0,2018-05-10 08:02:22,2018-05-10 08:03:03,1,AFXNDSHJDLXTF,308Q0PEVB9WWGEM6TK492WWHXSO9I5,307L9TDWJYB0TTANJPBPR7TPA4ZN3U,unpacked,1,top,0,,,,,,1,1,,,,,,,,,,,,,1,1,2,1,1,1,,,,,,,1,2,27,,35.300704956055,-85.180702209473,-1,
R_TbUHxjf9fuEI5I5,Default Response Set,Anonymous,,,35.133.17.222,0,2018-05-10 08:01:32,2018-05-10 08:03:12,1,A1TMZLYXQAK8Q0,3DI28L7YXBX2B4HPTOZP2BG67NT1EF,372AGES0I4OXOP9TWLZU77N3IWPRXM,packed,0,top,0,,,,,,1,1,,,,,,,,,,,,,,,,,,,1,1,1,1,2,1,1,1,42,thank you,46.124099731445,-112.97010040283,-1,
R_3lYr1aFdNoiOyeI,Default Response Set,Anonymous,,,70.113.166.16,0,2018-05-10 08:03:15,2018-05-10 08:03:58,1,A23VY5AQQSU7NN,3RGU30DZTBR7I9P60BTEJJH1A6KMJT,391FPZIE4C5SIR1VVBCD9WMT15AUH0,packed,0,top,0,,,,,,1,1,,,,,,,,,,,,,,,,,,,1,1,1,2,1,1,1,1,22,,27.506393432617,-99.507499694824,-1,
R_rqbMO95CTXgOVMd,Default Response Set,Anonymous,,,204.107.115.19,0,2018-05-10 08:03:35,2018-05-10 08:04:06,1,AZOK0NYBJ9ZCS,3MTMREQS4W1SMSGGA7MOZIG9IL4WAE,3RDTX9JRTYKX5A7GKRVAMNALAH579L,packed,0,bottom,1,,,,,,1,1,,,,,,,2,1,1,1,1,1,,,,,,,,,,,,,1,1,21,,39.638702392578,-75.619499206543,-1,
R_2uqDkZIOgC3esNi,Default Response Set,Anonymous,,,70.90.193.33,0,2018-05-10 08:03:54,2018-05-10 08:04:18,1,A3P559K7KYCGIP,3LKC68YZ3BMHOWAHKQR60D0E728WOD,3QXFBUZ4ZKZEIV6KB5UVOWASM5XUG1,unpacked,1,bottom,1,,,,,,1,1,2,1,1,1,1,1,,,,,,,,,,,,,,,,,,,1,1,29,,39.677993774414,-86.200500488281,-1,
R_1d0uGk1cXqPWQC8,Default Response Set,Anonymous,,,199.181.136.169,0,2018-05-10 08:03:49,2018-05-10 08:04:20,1,A2JIQYORPF0PSE,3ZDAD0O1T2WCQOKFQC9RW6K8FCVTXP,3TCFMTM8HE78U47FA2ZMBQBU1PV21R,unpacked,1,top,0,,,,,,1,1,,,,,,,,,,,,,2,1,1,1,1,1,,,,,,,1,2,24,,41.689193725586,-81.326599121094,-1,
R_1CKGTVG56k8sNko,Default Response Set,Anonymous,,,24.18.91.252,0,2018-05-10 08:03:17,2018-05-10 08:04:26,1,A2VF6506WDNXKS,3NC5L260MP5FDAOMU1H6WPEECZIFOY,3RDTX9JRTYKX5A7GKRVAMNALAH579L,packed,0,bottom,1,,,,,,1,1,,,,,,,1,2,1,1,1,1,,,,,,,,,,,,,1,2,35,,47.901504516602,-122.18440246582,-1,
R_3KxaRZPJy9TVz8X,Default Response Set,Anonymous,,,192.127.94.7,0,2018-05-10 08:03:33,2018-05-10 08:04:33,1,A3IXOEKGYA3JJH,37U1UTWH9W59V86FEFS4GS2X0IPR82,3R5LWXWHR0R6ZZ0FGA5I839WGNEXGW,packed,0,bottom,1,,,,,,1,1,,,,,,,2,1,1,1,1,1,,,,,,,,,,,,,1,2,27,,34.053497314453,-84.065902709961,-1,
R_2SfdpCn1Z3C070p,Default Response Set,Anonymous,,,173.90.85.221,0,2018-05-10 08:03:47,2018-05-10 08:04:34,1,A36UFZOEMNO9GJ,3IX2EGZR7C2YFP2Y5JPV5IBBGTJRJM,391FPZIE4C5SIR1VVBCD9WMT15AUH0,packed,0,top,0,,,,,,1,1,,,,,,,,,,,,,,,,,,,1,1,1,1,2,1,1,2,35,,41.408203125,-80.366600036621,-1,
R_2rCRS5QaFsZicXf,Default Response Set,Anonymous,,,138.210.119.122,0,2018-05-10 08:02:44,2018-05-10 08:04:40,1,A1VO7BS9MXHX48,3W8CV64QJ3IWKJBMN2MO2KV2XF9H9K,3XABXM4AJ1O7XNTLBYY2MIW5V1EQ8C,unpacked,1,bottom,1,,,,,,1,1,1,1,2,1,1,1,,,,,,,,,,,,,,,,,,,1,1,37,,31.373397827148,-96.51789855957,-1,
R_SGKAoaJ9B2JAiEV,Default Response Set,Anonymous,,,192.251.13.62,0,2018-05-10 08:04:19,2018-05-10 08:04:49,1,A88DXNDGDUWEN,3ND9UOO81LL9IB7K7YBE8WWKCX3WLW,3FULMHZ7OUGFT78R7218OXWVJEM4MX,packed,0,bottom,1,,,,,,1,1,,,,,,,2,1,1,1,1,1,,,,,,,,,,,,,1,1,48,,40.154495239258,-75.380897521973,-1,
R_1gi4Sx9s3Ig5rLf,Default Response Set,Anonymous,,,209.131.80.103,0,2018-05-10 08:04:12,2018-05-10 08:04:52,1,A1YILFU07P6DND,3JW0YLFXRUZPT5JJBCIGH7D0A47WWP,3QXFBUZ4ZKZEIV6KB5UVOWASM5XUG1,packed,0,top,0,,,,,,1,1,,,,,,,,,,,,,,,,,,,1,1,1,1,1,2,1,1,25,,40.158203125,-80.255302429199,-1,
R_2Tt0HbTV6LZHT05,Default Response Set,Anonymous,,,104.200.36.51,0,2018-05-10 08:03:16,2018-05-10 08:05:00,1,A3COB27QFIGEN,33ISQZVXPQ571979DUIETJZUQ87CCN,372AGES0I4OXOP9TWLZU77N3IWPRXM,packed,0,top,0,,,,,,1,1,,,,,,,,,,,,,,,,,,,2,1,1,1,1,1,1,1,30,NICE,35.652801513672,-97.478103637695,-1,
R_2ckq4foKpHHK9q2,Default Response Set,Anonymous,,,174.228.11.124,0,2018-05-10 08:04:16,2018-05-10 08:05:00,1,A3T9C1USL4V4IJ,3B1NLC6UG0F3CAWIKL033AJGNJEPGO,3HEADTGN2PB5K04YW6YCJMQI2LHRVJ,packed,0,top,0,,,,,,1,1,,,,,,,,,,,,,,,,,,,1,1,1,2,1,1,1,1,36,,27.863998413086,-82.530296325684,-1,
R_3KMCyohZD87fsDB,Default Response Set,Anonymous,,,198.134.117.212,0,2018-05-10 08:03:52,2018-05-10 08:05:02,1,A1QXCUL98HP53,39PAAFCODNJKMZFKQX898LNNZ1NTVM,3XABXM4AJ1O7XNTLBYY2MIW5V1EQ8C,unpacked,1,bottom,1,,,,,,1,1,2,1,1,1,1,1,,,,,,,,,,,,,,,,,,,1,1,26,NICE,40.727600097656,-73.634399414062,-1,
R_246DYb6WHGMzlSs,Default Response Set,Anonymous,,,205.142.178.37,0,2018-05-10 08:03:52,2018-05-10 08:05:06,1,A1IL81UMEC9OJI,3QRYMNZ7FZ07EU6BO6MIY4TADYLTN5,3R5LWXWHR0R6ZZ0FGA5I839WGNEXGW,packed,0,top,0,,,,,,1,1,,,,,,,,,,,,,,,,,,,1,1,1,2,1,1,1,1,50,,40.676193237305,-89.635597229004,-1,
R_3PvNXBFHBGMw3zg,Default Response Set,Anonymous,,,73.214.243.173,0,2018-05-10 08:04:45,2018-05-10 08:05:18,1,A1PBRKFHSF1OF8,3I02618YA1PMHSXD4QPK7PK7WRTUPT,307L9TDWJYB0TTANJPBPR7TPA4ZN3U,unpacked,1,top,0,,,,,,1,1,,,,,,,,,,,,,1,1,2,1,1,1,,,,,,,1,2,32,,40.335601806641,-79.55069732666,-1,
R_1flwkgXQ7UZzWMu,Default Response Set,Anonymous,,,207.160.125.162,0,2018-05-10 08:04:39,2018-05-10 08:05:22,1,A1B39YG801EKW2,3Z7EFSHGNAXV47I44QE17WK4RQVXCA,3XABXM4AJ1O7XNTLBYY2MIW5V1EQ8C,unpacked,1,top,0,,,,,,1,1,,,,,,,,,,,,,1,2,1,1,1,1,,,,,,,1,2,50,,38.589904785156,-90.346900939941,-1,
R_2YtYxzRVrNmmJTL,Default Response Set,Anonymous,,,73.248.218.167,0,2018-05-10 08:04:54,2018-05-10 08:05:26,1,ABMX8XUNPR3LP,37UQDCYH6YEXO1IDDU583PV5A4W7VO,3NRZ1LDP7WP1H7TTKBJQZX3ZPEZZPZ,unpacked,1,bottom,1,,,,,,1,1,1,1,1,2,1,1,,,,,,,,,,,,,,,,,,,1,2,38,,40.095596313477,-74.109497070312,-1,
R_337JYClZ3JcWO2F,Default Response Set,Anonymous,,,98.202.248.104,0,2018-05-10 08:04:14,2018-05-10 08:05:30,1,A22103611MDNAD,3OB0CAO74I8BLKJUVEE411OT6OUHY9,3VLL1PIENQ7JW7HS5B6BAXY9F93ZOI,unpacked,1,top,0,,,,,,1,1,,,,,,,,,,,,,2,1,1,1,1,1,,,,,,,1,2,46,no,41.704803466797,-111.87090301514,-1,
R_cYXQz0F48liUhqh,Default Response Set,Anonymous,,,68.37.49.8,0,2018-05-10 08:03:56,2018-05-10 08:05:34,1,A1GV0UZU0T2ORS,3ATPCQ38J9TWBXBGP84CKF1PTT3YAE,372AGES0I4OXOP9TWLZU77N3IWPRXM,packed,0,bottom,1,,,,,,1,1,,,,,,,1,1,2,1,1,1,,,,,,,,,,,,,1,1,31,,42.272994995117,-83.599403381348,-1,
R_2qt5dUhFNh8xnWi,Default Response Set,Anonymous,,,107.77.173.1,0,2018-05-10 08:04:01,2018-05-10 08:05:36,1,A3R0QO6884CV1P,3A4NIXBJ77IDDZD63W5RZYUTEVPMLV,3FW4EL5A3L7FJPPBT6Z0G9LZTV9228,packed,0,bottom,1,,,,,,1,1,,,,,,,1,1,1,1,1,2,,,,,,,,,,,,,1,1,51,nice and quick,41.848297119141,-87.651702880859,-1,
R_3Pe29hKMvwpeb4P,Default Response Set,Anonymous,,,172.220.228.23,0,2018-05-10 08:04:55,2018-05-10 08:05:38,1,A2R6RDZ07V4KWB,3XXU1SWE8NEZE2FVH0T3SN75HGQA0R,3PZDSVZ3J50LBPTRJ3G81CLVO4VN4F,unpacked,1,bottom,1,,,,,,1,1,1,2,1,1,1,1,,,,,,,,,,,,,,,,,,,1,1,28,,35.51530456543,-79.200698852539,-1,
R_Rfcpx3skxBLv6b7,Default Response Set,Anonymous,,,76.216.170.90,0,2018-05-10 08:05:00,2018-05-10 08:05:54,1,A52IXSXGLFS6Y,36PW28KO40FY5SUPP7SIDC99BH0AED,372AGES0I4OXOP9TWLZU77N3IWPRXM,unpacked,1,bottom,1,,,,,,1,1,1,1,1,1,1,2,,,,,,,,,,,,,,,,,,,1,1,34,Good survey!,33.200393676758,-117.29069519043,-1,
R_1esY8eA2JNDi5BA,Default Response Set,Anonymous,,,75.100.157.41,0,2018-05-10 08:05:17,2018-05-10 08:05:59,1,A281ASP4WWAN3E,3TEM0PF1Q6GXC9I71AK5IOFB2JM0DI,3VMHWJRYHVZ0LZ4K5QZ0QI9KF8EXFX,packed,0,bottom,1,,,,,,1,1,,,,,,,2,1,1,1,1,1,,,,,,,,,,,,,1,1,24,great study thank you,39.455200195312,-85.673599243164,-1,
R_2TGK2wWCxp6KokV,Default Response Set,Anonymous,,,96.27.152.3,0,2018-05-10 08:05:21,2018-05-10 08:06:08,1,A2DFXQ3QVQ9ELH,3L6L49WXW1GJ7KLF55POWFHW6E445U,3TCFMTM8HE78U47FA2ZMBQBU1PV21R,packed,0,top,0,,,,,,1,1,,,,,,,,,,,,,,,,,,,1,1,1,2,1,1,1,1,35,,37.970794677734,-87.489700317383,-1,
R_1d7dJ8kDNw2qaud,Default Response Set,Anonymous,,,174.230.19.152,0,2018-05-10 08:05:02,2018-05-10 08:06:11,1,AJSLRSHEP6CSS,3I33IC7ZWGL6ACI9WNXHBB0KEEA2A3,391FPZIE4C5SIR1VVBCD9WMT15AUH0,unpacked,1,top,0,,,,,,1,1,,,,,,,,,,,,,1,2,1,1,1,1,,,,,,,1,2,22,,42.843597412109,-83.040298461914,-1,
R_1jpp5m7QBbkL5b2,Default Response Set,Anonymous,,,65.31.222.122,0,2018-05-10 08:05:25,2018-05-10 08:06:18,1,A20IA63WXHF683,3GFK2QRXXA0VGM4ZFBV7R70NQ73W58,3R5LWXWHR0R6ZZ0FGA5I839WGNEXGW,unpacked,1,top,0,,,,,,1,1,,,,,,,,,,,,,2,1,1,1,1,1,,,,,,,1,2,45,Thanks!,39.214599609375,-94.515899658203,-1,
R_2YJPX03P9dEIIno,Default Response Set,Anonymous,,,69.138.150.35,0,2018-05-10 08:05:43,2018-05-10 08:06:18,1,A3EX2KS9CE0Q8V,3VE8AYVF8NGCSI16NKSAZ3OEXUF8FP,3XABXM4AJ1O7XNTLBYY2MIW5V1EQ8C,unpacked,1,bottom,1,,,,,,1,1,1,1,1,1,1,2,,,,,,,,,,,,,,,,,,,1,1,30,,35.998504638672,-86.780601501465,-1,
R_1mzv1r6EogorQZq,Default Response Set,Anonymous,,,174.233.11.1,0,2018-05-10 08:05:55,2018-05-10 08:06:31,1,A1UE6IH3L3XYN2,3S0TNUHWKU1FUYNAWEXKB3LTLHZD8J,3XABXM4AJ1O7XNTLBYY2MIW5V1EQ8C,unpacked,1,top,0,,,,,,1,1,,,,,,,,,,,,,1,1,1,1,1,2,,,,,,,1,1,32,,39.283096313477,-84.51619720459,-1,
R_21tsRigGXtDk3rA,Default Response Set,Anonymous,,,75.81.120.131,0,2018-05-10 08:04:43,2018-05-10 08:06:42,1,A2S75O867RJG0I,33LKR6A5KF340NZMJJOK1XG7AXH1T6,3FW4EL5A3L7FJPPBT6Z0G9LZTV9228,unpacked,1,bottom,1,,,,,,1,1,1,1,1,2,1,1,,,,,,,,,,,,,,,,,,,1,1,23,,39.108200073242,-94.539001464844,-1,
R_tF2qr8L23VkLlf3,Default Response Set,Anonymous,,,73.71.209.93,0,2018-05-10 08:05:00,2018-05-10 08:06:44,1,A34UER5ZQ5APMB,3EQHHY4HQTBZJ0EZ06RP54EZWJD5GI,3VMHWJRYHVZ0LZ4K5QZ0QI9KF8EXFX,unpacked,1,bottom,1,,,,,,1,1,1,1,1,2,1,1,,,,,,,,,,,,,,,,,,,1,1,37,,38.169906616211,-121.93669891357,-1,
R_C38iztmuN9tcsCJ,Default Response Set,Anonymous,,,173.87.92.32,0,2018-05-10 08:06:27,2018-05-10 08:06:47,1,A3N4LZ2QR0FS0Y,3P4MQ7TPPYV5HZNXLUQO7FNUQ28BB9,31KSVEGZ34BIZP43MG385O9W9UJRWT,unpacked,1,bottom,1,,,,,,1,1,1,2,1,1,1,1,,,,,,,,,,,,,,,,,,,1,1,35,,43.558700561523,-94.764297485352,-1,
R_2urm8ec4qKiAWfL,Default Response Set,Anonymous,,,172.118.148.194,0,2018-05-10 08:05:48,2018-05-10 08:06:50,1,A2JCT9MLHJTQHF,33LKR6A5KF340NZMJJOK1XG7AXGT1X,3VLL1PIENQ7JW7HS5B6BAXY9F93ZOI,packed,0,top,0,,,,,,1,1,,,,,,,,,,,,,,,,,,,1,1,1,1,1,2,1,1,46,,34.047805786133,-118.29229736328,-1,
R_3Gk9LmzYAYFVfsk,Default Response Set,Anonymous,,,206.82.167.128,0,2018-05-10 08:06:17,2018-05-10 08:06:52,1,A3SL5QRF7MX2P1,3KOPY89HM9L6WNHWUTOZNK8VAF43JV,3CMIQF80GN9KT9AXIJ14240EP6OQ6Q,packed,0,top,0,,,,,,1,1,,,,,,,,,,,,,,,,,,,1,1,1,2,1,1,1,2,38,no,41.602401733398,-83.633697509766,-1,
R_3kGGbXF6vAf6CNs,Default Response Set,Anonymous,,,99.198.206.173,0,2018-05-10 08:04:03,2018-05-10 08:07:13,1,A17GH7I35D6K03,3KV0LJBBH34OGX8J8G2NLA3SKNERMQ,3PZDSVZ3J50LBPTRJ3G81CLVO4VN4F,unpacked,1,bottom,1,,,,,,1,1,1,1,1,1,1,2,,,,,,,,,,,,,,,,,,,1,1,28,,39.019897460938,-94.46410369873,-1,
R_1Cw6e2OZMrUM7cY,Default Response Set,Anonymous,,,50.74.101.173,0,2018-05-10 08:07:30,2018-05-10 08:07:53,1,A3LHYTO2IQVOYR,34V1S5K3GTKGNUR5RJVK5T6CO1U699,3CMIQF80GN9KT9AXIJ14240EP6OQ6Q,unpacked,1,top,0,,,,,,1,1,,,,,,,,,,,,,1,1,1,1,2,1,,,,,,,1,2,28,,40.752807617188,-73.972503662109,-1,
R_VRwDJuM04s8QWgV,Default Response Set,Anonymous,,,104.200.38.77,0,2018-05-10 08:06:59,2018-05-10 08:08:30,1,A29GA9SMFNHAUW,3ZY8KE4ISKM7UJNS9TEE3GC0FUOQV5,307L9TDWJYB0TTANJPBPR7TPA4ZN3U,packed,0,top,0,,,,,,1,1,,,,,,,,,,,,,,,,,,,1,1,1,1,2,1,1,1,28,no comments,35.652801513672,-97.478103637695,-1,
R_2uvw8K4QQZUsjjD,Default Response Set,Anonymous,,,74.75.72.178,0,2018-05-10 08:08:18,2018-05-10 08:08:43,1,AGAG64Q9KUQEO,3RXPCZQMQQU0VIDGZJPD2E1IK39G1C,3R5LWXWHR0R6ZZ0FGA5I839WGNEXGW,packed,0,top,0,,,,,,1,1,,,,,,,,,,,,,,,,,,,1,1,1,2,1,1,1,2,26,,44.561599731445,-69.55590057373,-1,
R_22RHyWP2G9rm4fJ,Default Response Set,Anonymous,,,132.198.82.226,0,2018-05-10 08:04:34,2018-05-10 08:08:47,1,A1J1S15GNOB8F3,3M23Y66PO3QYS9N40PVBMOB2GPIS65,31KSVEGZ34BIZP43MG385O9W9UJRWT,unpacked,1,bottom,1,,,,,,1,1,1,1,2,1,1,1,,,,,,,,,,,,,,,,,,,1,2,23,,44.442092895508,-73.082496643066,-1,
R_PZLtMDXa52Gpppn,Default Response Set,Anonymous,,,162.95.216.224,0,2018-05-10 08:08:01,2018-05-10 08:08:48,1,AZTHBV93S8U3T,3GLB5JMZFYEUNDTSFC983G2R90CDGZ,356TQKY9XFGXR5O6FZPWMRFAQBN78W,unpacked,1,bottom,1,,,,,,1,1,1,1,1,1,1,2,,,,,,,,,,,,,,,,,,,1,1,28,,36.837203979492,-76.14640045166,-1,
R_8u0526id2ZDgR57,Default Response Set,Anonymous,,,50.90.31.55,0,2018-05-10 08:08:14,2018-05-10 08:08:51,1,A17F1BC1J1APAS,37XITHEISXSB7BWSVR89IEYGQ9BRC9,3DFYDSXB2WJO9XWLJBFYL928EXEUJ5,packed,0,bottom,1,,,,,,1,1,,,,,,,1,1,2,1,1,1,,,,,,,,,,,,,1,2,33,no,39.926803588867,-85.841400146484,-1,
R_2PCfw02N0E1NCvK,Default Response Set,Anonymous,,,136.59.230.117,0,2018-05-10 08:07:41,2018-05-10 08:08:54,1,A1T8EFHGSEE3RD,3UXUOQ9OKFGDWDFF2ZEC72HSPUW7AO,3TCFMTM8HE78U47FA2ZMBQBU1PV21R,unpacked,1,bottom,1,,,,,,1,1,1,1,1,2,1,1,,,,,,,,,,,,,,,,,,,1,2,36,none,33.771896362305,-84.377098083496,-1,
R_2XnQaaL1rJFDRUJ,Default Response Set,Anonymous,,,104.255.171.53,0,2018-05-10 08:08:20,2018-05-10 08:09:10,1,AKPXWXJFLHM08,3570Y55XZQ2XLOOJB8WMG1CSROIGYA,3PZDSVZ3J50LBPTRJ3G81CLVO4VN4F,unpacked,1,bottom,1,,,,,,1,1,1,1,1,1,1,2,,,,,,,,,,,,,,,,,,,1,1,27,,34.058395385742,-118.27799987793,-1,
R_1i8tsO0Ph2AGDgW,Default Response Set,Anonymous,,,72.241.6.239,0,2018-05-10 08:08:20,2018-05-10 08:09:17,1,A2MYLV7DGUL42B,3A1PQ49WVI0EVE8RJP7VNEDJZ3MH1C,372AGES0I4OXOP9TWLZU77N3IWPRXM,packed,0,bottom,1,,,,,,1,1,,,,,,,1,2,1,1,1,1,,,,,,,,,,,,,1,2,53,no,41.602401733398,-83.633697509766,-1,
R_AmtoTPb7uHpxS5H,Default Response Set,Anonymous,,,69.148.165.226,0,2018-05-10 08:08:28,2018-05-10 08:09:24,1,A3MELYYGRJ61SX,386PBUZZXGGNCR7L0ZSZJ62CA1VJLP,3R5LWXWHR0R6ZZ0FGA5I839WGNEXGW,packed,0,bottom,1,,,,,,1,1,,,,,,,2,1,1,1,1,1,,,,,,,,,,,,,1,2,56,Fun!,39.106796264648,-94.56600189209,-1,
R_1hSbSPB9P6l0nQV,Default Response Set,Anonymous,,,173.26.103.49,0,2018-05-10 08:08:50,2018-05-10 08:09:30,1,A1ZT30BGR3266K,39ASUFLU6YQA152I0HKWXKK7C29EXL,3VO4XFFP1553X9O21T6W8I0AKH8Q7P,packed,0,bottom,1,,,,,,1,1,,,,,,,2,1,1,1,1,1,,,,,,,,,,,,,1,2,33,,37.170196533203,-93.329696655273,-1,
R_2v0QnLoRPIqIFX7,Default Response Set,Anonymous,,,73.203.237.129,0,2018-05-10 08:09:03,2018-05-10 08:09:32,1,A3UTDFPIFHK4QL,34QN5IT0T0ALVEMGK29PWW1ARSP08C,3UQVX1UPFS08NFMXEJVMXLSKWXP20O,unpacked,1,top,0,,,,,,1,1,,,,,,,,,,,,,2,1,1,1,1,1,,,,,,,1,1,23,,31.31559753418,-89.413101196289,-1,
R_1R1KNHOL71sJZF7,Default Response Set,Anonymous,,,98.21.57.6,0,2018-05-10 08:08:45,2018-05-10 08:09:37,1,A1MTQP7TA5RCOB,3OF2M9AATH72S0U7XLJKS0DN4Z3ZKN,3PZDSVZ3J50LBPTRJ3G81CLVO4VN4F,unpacked,1,bottom,1,,,,,,1,1,1,1,1,2,1,1,,,,,,,,,,,,,,,,,,,1,1,48,,41.10710144043,-76.815299987793,-1,
R_2B4cfAROBJlEHRK,Default Response Set,Anonymous,,,100.1.72.28,0,2018-05-10 08:08:35,2018-05-10 08:09:39,1,A2WXOAAAS7Z18V,3J4Q2Z4UTZMK98NXZ3JAPIVEM3RWQM,3RDTX9JRTYKX5A7GKRVAMNALAH579L,unpacked,1,bottom,1,,,,,,1,1,1,1,1,2,1,1,,,,,,,,,,,,,,,,,,,1,1,64,,40.791900634766,-74.263999938965,-1,
R_Uru23DsMsXAG5Mt,Default Response Set,Anonymous,,,192.189.128.14,0,2018-05-10 08:08:37,2018-05-10 08:09:49,1,A2V78B2QWOM6RK,3EJJQNKU9SO2OJ78HJMAT5VW31GRHI,307L9TDWJYB0TTANJPBPR7TPA4ZN3U,unpacked,1,bottom,1,,,,,,1,1,1,1,1,2,1,1,,,,,,,,,,,,,,,,,,,1,1,46,,40.757797241211,-89.609802246094,-1,
R_2f8JePAMYcKBoDR,Default Response Set,Anonymous,,,162.250.6.19,0,2018-05-10 08:09:19,2018-05-10 08:10:17,1,A2VDGWD0BBMSP2,3ERET4BTVNSNM9CUTNPLFCBUPWEK9S,372AGES0I4OXOP9TWLZU77N3IWPRXM,packed,0,bottom,1,,,,,,1,1,,,,,,,2,1,1,1,1,1,,,,,,,,,,,,,1,1,48,,37.751007080078,-97.821998596191,-1,
R_ALtiEAos74y8SL7,Default Response Set,Anonymous,,,199.175.46.4,0,2018-05-10 08:09:55,2018-05-10 08:10:22,1,A2M5S4Q46TQ7LU,3PEIJLRY6UC4I5O9LHE2JQR7J6EXWK,31KSVEGZ34BIZP43MG385O9W9UJRWT,packed,0,top,0,,,,,,1,1,,,,,,,,,,,,,,,,,,,1,1,1,2,1,1,1,2,50,,25.754104614258,-80.271003723145,-1,
R_1odopiJoHEMKQtp,Default Response Set,Anonymous,,,47.132.120.18,0,2018-05-10 08:10:26,2018-05-10 08:10:45,1,AXP41GGYZKAN6,3NXNZ5RS1BGZRU5AAT0CB768JCF79A,3HEADTGN2PB5K04YW6YCJMQI2LHRVJ,packed,0,bottom,1,,,,,,1,1,,,,,,,1,1,1,2,1,1,,,,,,,,,,,,,1,2,29,,35.387405395508,-78.868598937988,-1,
R_24AY5Pyig1CZROV,Default Response Set,Anonymous,,,68.231.247.24,0,2018-05-10 08:09:27,2018-05-10 08:10:46,1,A20O44S26VN11P,326O153BMJHW3ZX19HJK3DHFWKWEDI,3CMIQF80GN9KT9AXIJ14240EP6OQ6Q,unpacked,1,bottom,1,,,,,,1,1,1,1,1,1,2,1,,,,,,,,,,,,,,,,,,,1,2,24,,36.85710144043,-75.989501953125,-1,
R_2ZWfW8cTRK2J9ET,Default Response Set,Anonymous,,,173.170.185.89,0,2018-05-10 08:09:31,2018-05-10 08:10:46,1,A1WHROB9FFYQTT,3NKQQ8O39ZODSVUNZHYP7V3II8RUDG,372AGES0I4OXOP9TWLZU77N3IWPRXM,unpacked,1,top,0,,,,,,1,1,,,,,,,,,,,,,2,1,1,1,1,1,,,,,,,1,1,23,,28.191101074219,-81.606796264648,-1,
R_1oopBExsAqA2wJY,Default Response Set,Anonymous,,,70.60.202.70,0,2018-05-10 08:10:36,2018-05-10 08:11:01,1,A1GKEEI844CEKI,32SVAV9L3GSVVUES0NBMUL5CKSBA3N,3VMHWJRYHVZ0LZ4K5QZ0QI9KF8EXFX,unpacked,1,top,0,,,,,,1,1,,,,,,,,,,,,,1,1,1,2,1,1,,,,,,,1,1,39,,35.33659362793,-80.795799255371,-1,
R_11iq6hhj8nxNj0C,Default Response Set,Anonymous,,,173.3.60.107,0,2018-05-10 08:10:26,2018-05-10 08:11:19,1,A1HKB73TUJ5Z42,35DR22AR5E37R7MLBX30ETGALDJ3XJ,3VLL1PIENQ7JW7HS5B6BAXY9F93ZOI,unpacked,1,top,0,,,,,,1,1,,,,,,,,,,,,,2,1,1,1,1,1,,,,,,,1,2,49,,41.263900756836,-74.363403320312,-1,
R_3343N8uom50qT8N,Default Response Set,Anonymous,,,50.203.90.164,0,2018-05-10 08:10:54,2018-05-10 08:11:20,1,A1614EW9OY4IQ0,3I2PTA7R3UDTE8TGAP07171JZWIQKK,3VO4XFFP1553X9O21T6W8I0AKH8Q7P,packed,0,bottom,1,,,,,,1,1,,,,,,,1,2,1,1,1,1,,,,,,,,,,,,,1,2,28,Interesting study! ,37.619201660156,-77.496002197266,-1,
R_7aoeX2snjaiHj5n,Default Response Set,Anonymous,,,98.17.87.85,0,2018-05-10 08:10:59,2018-05-10 08:11:29,1,A195YE83WAHM1V,39KFRKBFIOELD15HZR9ULALUIA9YOF,3D1TUISJWIJSEMCF1TUY98N81IPUIT,packed,0,bottom,1,,,,,,1,1,,,,,,,1,2,1,1,1,1,,,,,,,,,,,,,1,2,38,,41.669494628906,-80.90650177002,-1,
R_1JUAFelLRhhFcOn,Default Response Set,Anonymous,,,192.138.72.196,0,2018-05-10 08:09:09,2018-05-10 08:11:31,1,A2Q20Y1VGQK4DN,3SKEMFQBZ4ON84TKOVJ7FGGJ5QWK83,3DFYDSXB2WJO9XWLJBFYL928EXEUJ5,unpacked,1,top,0,,,,,,1,1,,,,,,,,,,,,,2,1,1,1,1,1,,,,,,,1,1,32,,33.480392456055,-82.094100952148,-1,
R_AmtofnNASgv7R1n,Default Response Set,Anonymous,,,66.189.238.21,0,2018-05-10 08:09:38,2018-05-10 08:11:31,1,A3VE8U98QF4FVV,3137ONMDKHOZFJ7SB7KS9YKC9CCEGS,3D1TUISJWIJSEMCF1TUY98N81IPUIT,packed,0,top,0,,,,,,1,1,,,,,,,,,,,,,,,,,,,1,1,1,2,1,1,1,1,30,,36.898498535156,-89.566902160645,-1,
R_cG4M5x1CUjNKvrr,Default Response Set,Anonymous,,,68.59.23.65,0,2018-05-10 08:10:23,2018-05-10 08:11:36,1,AROOCBM042SJD,35USIKEBNSZ1CWVZSTEPNU1WTQB6N8,3RDTX9JRTYKX5A7GKRVAMNALAH579L,unpacked,1,bottom,1,,,,,,1,1,1,1,1,2,1,1,,,,,,,,,,,,,,,,,,,1,2,33,,42.38720703125,-83.19059753418,-1,
R_xxVU8Fb4ZKKw5Vv,Default Response Set,Anonymous,,,216.36.11.149,0,2018-05-10 08:11:10,2018-05-10 08:11:54,1,A1376QCT0WY4UO,37M28K1J0RW6G8GH3839ASM1GPXAJZ,356TQKY9XFGXR5O6FZPWMRFAQBN78W,packed,0,top,0,,,,,,1,1,,,,,,,,,,,,,,,,,,,1,1,1,2,1,1,1,1,20,,38.425094604492,-76.73169708252,-1,
R_3lXNezaxwaqzMzR,Default Response Set,Anonymous,,,65.34.137.107,0,2018-05-10 08:11:00,2018-05-10 08:12:01,1,AU849EHZNGV2Z,33PPO7FECWY8J4ZN509BOSF7OD3IDV,3XABXM4AJ1O7XNTLBYY2MIW5V1EQ8C,unpacked,1,top,0,,,,,,1,1,,,,,,,,,,,,,2,1,1,1,1,1,,,,,,,1,1,32,,25.490295410156,-80.418701171875,-1,
R_3gNuHmkBEGTbaaW,Default Response Set,Anonymous,,,152.26.178.38,0,2018-05-10 08:11:04,2018-05-10 08:12:02,1,A198SPAZ8QD2T1,3Z7EFSHGNAXV47I44QE17WK4RQXCXR,3TCFMTM8HE78U47FA2ZMBQBU1PV21R,unpacked,1,bottom,1,,,,,,1,1,2,1,1,1,1,1,,,,,,,,,,,,,,,,,,,1,2,25,,35.528305053711,-82.522499084473,-1,
R_2fpRWEi63LFzZjM,Default Response Set,Anonymous,,,71.196.56.23,0,2018-05-10 08:10:50,2018-05-10 08:12:08,1,A6FDO4NJS24RK,358010RM5FCR3GO4V796XO8TCXCXVA,3R5LWXWHR0R6ZZ0FGA5I839WGNEXGW,unpacked,1,bottom,1,,,,,,1,1,1,1,1,2,1,1,,,,,,,,,,,,,,,,,,,1,1,60,,26.214004516602,-80.218597412109,-1,
R_SMGRQJNetjEWySR,Default Response Set,Anonymous,,,73.124.28.167,0,2018-05-10 08:00:39,2018-05-10 08:12:17,1,AHKRGPN5D3I2G,3EWIJTFFVPQ24FW7X5VPO6XW2VN0EB,391FPZIE4C5SIR1VVBCD9WMT15AUH0,unpacked,1,top,0,,,,,,1,1,,,,,,,,,,,,,1,1,1,2,1,1,,,,,,,1,1,27,God bless and good luck! Jesus loves you! All clear with the survey. Thank you for the opportunity to help! / ,25.957000732422,-80.180000305176,-1,
R_2dHdQhAELxTFrQ8,Default Response Set,Anonymous,,,71.182.138.68,0,2018-05-10 08:11:48,2018-05-10 08:12:27,1,A2LCP0T4E23JQS,3R6P78PK7LU142PP129N8KKDCM1GTM,3UQVX1UPFS08NFMXEJVMXLSKWXP20O,unpacked,1,top,0,,,,,,1,1,,,,,,,,,,,,,1,1,1,1,1,2,,,,,,,1,1,36,,40.503494262695,-80.078399658203,-1,
R_2uyZop5JsEiu5dr,Default Response Set,Anonymous,,,192.241.122.189,0,2018-05-10 08:11:21,2018-05-10 08:12:34,1,A3N3DEAOEYY5WU,34S9DKFK7483VG55YC9H6LLPS04YN0,3VMHWJRYHVZ0LZ4K5QZ0QI9KF8EXFX,unpacked,1,bottom,1,,,,,,1,1,2,1,1,1,1,1,,,,,,,,,,,,,,,,,,,1,2,46,good,30.267807006836,-97.742599487305,-1,
R_umrBqudbMQaCGGt,Default Response Set,Anonymous,,,75.147.113.177,0,2018-05-10 08:11:56,2018-05-10 08:12:37,1,A22LLCN5WBKJJI,38F5OAUN5OVS60NT85O4OO4W2PN7H0,3RDTX9JRTYKX5A7GKRVAMNALAH579L,unpacked,1,top,0,,,,,,1,1,,,,,,,,,,,,,2,1,1,1,1,1,,,,,,,1,1,33,,40.624694824219,-74.249397277832,-1,
R_1hPTP1ZGz02aarT,Default Response Set,Anonymous,,,208.104.22.170,0,2018-05-10 08:12:04,2018-05-10 08:12:39,1,A1ILOQZ922TXTW,3LYA37P8IR66A2RRR73H6I6KDWIBKU,3VLL1PIENQ7JW7HS5B6BAXY9F93ZOI,packed,0,top,0,,,,,,1,1,,,,,,,,,,,,,,,,,,,1,1,1,2,1,1,1,2,27,,34.760101318359,-80.693000793457,-1,
R_SQ92ug0JLt0kInv,Default Response Set,Anonymous,,,72.48.73.233,0,2018-05-10 08:12:02,2018-05-10 08:12:53,1,A37Q3659BNZQNZ,3LYA37P8IR66A2RRR73H6I6KDWHKB2,3D1TUISJWIJSEMCF1TUY98N81IPUIT,packed,0,top,0,,,,,,1,1,,,,,,,,,,,,,,,,,,,1,1,1,2,1,1,1,2,25,,31.899398803711,-102.34100341797,-1,
R_3KWaYzWStHfuWBm,Default Response Set,Anonymous,,,73.175.74.211,0,2018-05-10 08:12:07,2018-05-10 08:13:05,1,A1F3QNQHIL7K4U,3SB4CE2TJWE7BSL6KCIA11UGRNCAXN,3PZDSVZ3J50LBPTRJ3G81CLVO4VN4F,unpacked,1,top,0,,,,,,1,1,,,,,,,,,,,,,2,1,1,1,1,1,,,,,,,1,1,35,,41.297302246094,-75.953399658203,-1,
R_AArWoVrliBcJspH,Default Response Set,Anonymous,,,24.55.2.43,0,2018-05-10 08:12:22,2018-05-10 08:13:08,1,A1J9IYN46FX00O,3EWIJTFFVPQ24FW7X5VPO6XW2VPE0R,3UQVX1UPFS08NFMXEJVMXLSKWXP20O,unpacked,1,top,0,,,,,,1,1,,,,,,,,,,,,,2,1,1,1,1,1,,,,,,,1,1,27,,30.415405273438,-97.798202514648,-1,
R_1OBoQNcXOdOHy17,Default Response Set,Anonymous,,,167.142.83.193,0,2018-05-10 08:12:07,2018-05-10 08:13:26,1,A3CA7SCTM4H9IO,338JKRMM27IAP2LRF80OYF6M3XTHA1,3NRZ1LDP7WP1H7TTKBJQZX3ZPEZZPZ,unpacked,1,bottom,1,,,,,,1,1,1,1,1,2,1,1,,,,,,,,,,,,,,,,,,,1,2,40,,43.09700012207,-93.615997314453,-1,
R_31XBaIV4733I0Pw,Default Response Set,Anonymous,,,199.169.204.179,0,2018-05-10 08:13:01,2018-05-10 08:13:32,1,A3A05FW2HAWPBM,38F5OAUN5OVS60NT85O4OO4W2PLH78,3NRZ1LDP7WP1H7TTKBJQZX3ZPEZZPZ,unpacked,1,bottom,1,,,,,,1,1,1,1,1,2,1,1,,,,,,,,,,,,,,,,,,,1,2,31,none,44.984298706055,-93.265403747559,-1,
R_3PRmD3sCXgIdo01,Default Response Set,Anonymous,,,152.216.7.5,0,2018-05-10 08:12:55,2018-05-10 08:13:39,1,A2Q2WYJ2Q71HY1,39L1G8WVWRAZ161S44ITJKC9GY431R,3VLL1PIENQ7JW7HS5B6BAXY9F93ZOI,packed,0,bottom,1,,,,,,1,1,,,,,,,2,1,1,1,1,1,,,,,,,,,,,,,1,1,43,,38.895095825195,-77.036399841309,-1,
R_sFHdIwcvyOchAk1,Default Response Set,Anonymous,,,24.88.90.13,0,2018-05-10 08:13:20,2018-05-10 08:13:53,1,A1BQCRF5Q76YFY,39L1G8WVWRAZ161S44ITJKC9GY313O,3RKHNXPHGWFJKH231WFAMO2LTMEUK4,packed,0,bottom,1,,,,,,1,1,,,,,,,2,1,1,1,1,1,,,,,,,,,,,,,1,2,38,,33.979202270508,-81.258903503418,-1,
R_3fUID4k0oKlRpDd,Default Response Set,Anonymous,,,4.71.125.2,0,2018-05-10 08:13:26,2018-05-10 08:14:04,1,A1PKPMAIW8KHON,3J2UYBXQQMVYR03SRNCRCI5JLX160Y,3NRZ1LDP7WP1H7TTKBJQZX3ZPEZZPZ,packed,0,bottom,1,,,,,,1,1,,,,,,,2,1,1,1,1,1,,,,,,,,,,,,,1,1,50,,34.860107421875,-82.246398925781,-1,
R_BFVlF2BEQmFk9JD,Default Response Set,Anonymous,,,72.23.176.115,0,2018-05-10 08:13:26,2018-05-10 08:14:07,1,ACVEFRSUAPSEQ,3N2BF7Y2VRDBR3UGCBQT761MXEGMHO,3XABXM4AJ1O7XNTLBYY2MIW5V1EQ8C,unpacked,1,top,0,,,,,,1,1,,,,,,,,,,,,,1,1,1,1,1,2,,,,,,,1,2,48,no,40.082901000977,-79.866302490234,-1,
R_3fuwhgfaeWcmNJb,Default Response Set,Anonymous,,,207.191.29.2,0,2018-05-10 08:13:12,2018-05-10 08:14:07,1,ADAGUJNWMEPT6,3RGU30DZTBR7I9P60BTEJJH1A6MMJV,356TQKY9XFGXR5O6FZPWMRFAQBN78W,packed,0,top,0,,,,,,1,1,,,,,,,,,,,,,,,,,,,1,1,1,2,1,1,1,1,46,none,29.958892822266,-90.156799316406,-1,
R_3IRiFvXh5MJuqVm,Default Response Set,Anonymous,,,24.160.70.38,0,2018-05-10 08:13:16,2018-05-10 08:14:10,1,AD21ES5UMD77U,345LHZDEDYBFA3SQ6SSDUMH6RV2U3I,307L9TDWJYB0TTANJPBPR7TPA4ZN3U,unpacked,1,top,0,,,,,,1,1,,,,,,,,,,,,,2,1,1,1,1,1,,,,,,,1,1,63,no comment,28.244400024414,-82.693298339844,-1,
R_3PCa68ntgVThpyt,Default Response Set,Anonymous,,,108.202.89.175,0,2018-05-10 08:13:23,2018-05-10 08:14:09,1,A2MI6AUNBXGL47,3EA3QWIZ4JEF0TVKRQ9QTWXTRZTTIR,3UQVX1UPFS08NFMXEJVMXLSKWXP20O,unpacked,1,bottom,1,,,,,,1,1,1,1,1,1,2,1,,,,,,,,,,,,,,,,,,,1,1,58,,39.116592407227,-94.408096313477,-1,
R_2tL65GQT135X2y2,Default Response Set,Anonymous,,,71.254.14.2,0,2018-05-10 08:13:12,2018-05-10 08:14:19,1,A2KQLLEA8WMRBL,3LKC68YZ3BMHOWAHKQR60D0E72AOW7,3FULMHZ7OUGFT78R7218OXWVJEM4MX,unpacked,1,top,0,,,,,,1,1,,,,,,,,,,,,,1,2,1,1,1,1,,,,,,,1,1,64,thank you very much,44.606704711914,-69.037002563477,-1,
R_2Wx6s9NR7rp4Sgu,Default Response Set,Anonymous,,,74.137.60.167,0,2018-05-10 08:13:25,2018-05-10 08:14:20,1,A3FTR5MN7ZLS8M,3ZY8KE4ISKM7UJNS9TEE3GC0FUQQV7,3QXFBUZ4ZKZEIV6KB5UVOWASM5XUG1,unpacked,1,bottom,1,,,,,,1,1,1,1,1,2,1,1,,,,,,,,,,,,,,,,,,,1,2,29,,38.308197021484,-85.984199523926,-1,
R_2wieHaK8bgY5RQV,Default Response Set,Anonymous,,,24.17.221.79,0,2018-05-10 08:13:47,2018-05-10 08:14:31,1,A2PZQDHKQDS1SV,3T3IWE1XG76SHRJ34YEZ2YOFI9ATQU,3NRZ1LDP7WP1H7TTKBJQZX3ZPEZZPZ,unpacked,1,bottom,1,,,,,,1,1,1,1,1,1,1,2,,,,,,,,,,,,,,,,,,,1,1,22,,47.634796142578,-117.25859832764,-1,
R_3J9ieT3KKv5KLQ0,Default Response Set,Anonymous,,,69.47.37.88,0,2018-05-10 08:14:02,2018-05-10 08:14:35,1,A14WLAP6TCEKO0,37UEWGM5HURRK8MUFUJP1IFPMCKR1J,3TCFMTM8HE78U47FA2ZMBQBU1PV21R,unpacked,1,bottom,1,,,,,,1,1,1,1,2,1,1,1,,,,,,,,,,,,,,,,,,,1,1,34,no,41.693496704102,-87.614501953125,-1,
R_2PbZWyjCjMDylg4,Default Response Set,Anonymous,,,146.82.187.8,0,2018-05-10 08:13:41,2018-05-10 08:14:45,1,A2CRBA8J12QV1,36V4Q8R5ZLJO4WTJV1DNGKTNO1EMQM,3RDTX9JRTYKX5A7GKRVAMNALAH579L,unpacked,1,bottom,1,,,,,,1,1,1,1,2,1,1,1,,,,,,,,,,,,,,,,,,,1,2,31,,28.522506713867,-81.483497619629,-1,
R_1jwyoSIaZGnzpli,Default Response Set,Anonymous,,,47.40.2.85,0,2018-05-10 08:13:50,2018-05-10 08:15:02,1,A38TZK07ON180S,38YMOXR4MVIRZQ4DKU5CJDENM2G6W0,3CMIQF80GN9KT9AXIJ14240EP6OQ6Q,packed,0,top,0,,,,,,1,1,,,,,,,,,,,,,,,,,,,1,1,1,1,2,1,1,1,38,,38.466094970703,-89.975799560547,-1,
R_12LTK1jqU7Ri8sJ,Default Response Set,Anonymous,,,168.169.226.88,0,2018-05-10 08:14:38,2018-05-10 08:15:08,1,A1YH4LT7EAYT47,3BDCF01OGYDD7G2KMZT2TTH0N53YLX,3R5LWXWHR0R6ZZ0FGA5I839WGNEXGW,unpacked,1,top,0,,,,,,1,1,,,,,,,,,,,,,2,1,1,1,1,1,,,,,,,1,1,27,,42.709106445312,-78.830101013184,-1,
R_3frscNE1bhjCOLT,Default Response Set,Anonymous,,,147.0.52.155,0,2018-05-10 08:13:57,2018-05-10 08:15:09,1,AT51P9CJRCNP7,3QRYMNZ7FZ07EU6BO6MIY4TADYNTN7,31KSVEGZ34BIZP43MG385O9W9UJRWT,packed,0,bottom,1,,,,,,1,1,,,,,,,2,1,1,1,1,1,,,,,,,,,,,,,1,2,59,No.,39.764892578125,-84.078002929688,-1,
R_3e9NMoC9ziEYOCn,Default Response Set,Anonymous,,,50.88.248.63,0,2018-05-10 08:13:52,2018-05-10 08:15:10,1,A2G1ZPPWTFDRM,37UEWGM5HURRK8MUFUJP1IFPMCLR1K,3FULMHZ7OUGFT78R7218OXWVJEM4MX,unpacked,1,bottom,1,,,,,,1,1,1,1,1,1,1,2,,,,,,,,,,,,,,,,,,,1,2,27,,28.534103393555,-81.164703369141,-1,
R_24uQi5pj9qiLKDD,Default Response Set,Anonymous,,,71.221.137.102,0,2018-05-10 08:14:35,2018-05-10 08:15:13,1,AADRVG2QVZH75,32UTUBMZ7HFKQDL3QBHO8RH1TUNBVE,3RDTX9JRTYKX5A7GKRVAMNALAH579L,packed,0,bottom,1,,,,,,1,1,,,,,,,1,1,1,2,1,1,,,,,,,,,,,,,1,2,32,,32.256805419922,-96.08219909668,-1,
R_RFvvN8jf79Qlc65,Default Response Set,Anonymous,,,63.240.136.241,0,2018-05-10 08:14:39,2018-05-10 08:15:15,1,A2S7SSGYBNVX8H,32SCWG5HIIN1FH7C88RHRJ6RT5CP6N,31KSVEGZ34BIZP43MG385O9W9UJRWT,packed,0,top,0,,,,,,1,1,,,,,,,,,,,,,,,,,,,1,1,1,1,1,2,1,1,30,,39.925201416016,-91.317199707031,-1,
R_3MMdSbGpcz9j2ZD,Default Response Set,Anonymous,,,129.105.81.219,0,2018-05-10 08:14:14,2018-05-10 08:15:17,1,A3D3D3F8X3NQYH,3NGI5ARFTUO68V6F22F0WNFALUXP1Q,3RDTX9JRTYKX5A7GKRVAMNALAH579L,packed,0,top,0,,,,,,1,1,,,,,,,,,,,,,,,,,,,1,1,1,2,1,1,1,1,31,No,42.05859375,-87.684501647949,-1,
R_Y5MB1D2xesZYefn,Default Response Set,Anonymous,,,174.48.45.229,0,2018-05-10 08:14:25,2018-05-10 08:15:21,1,AIIUJTIOAFT9,3XC1O3LBOT5HQU3QCT63LCPL83NTL5,3UQVX1UPFS08NFMXEJVMXLSKWXP20O,packed,0,bottom,1,,,,,,1,1,,,,,,,2,1,1,1,1,1,,,,,,,,,,,,,1,2,51,,27.077499389648,-80.258697509766,-1,
R_21snsnNneDuehQK,Default Response Set,Anonymous,,,204.10.129.144,0,2018-05-10 08:14:53,2018-05-10 08:15:28,1,A1JRP3B1LNXJRP,3FE7TXL1LJ6YXSPQLJU31BFPIWXQ2Z,3FULMHZ7OUGFT78R7218OXWVJEM4MX,packed,0,bottom,1,,,,,,1,1,,,,,,,2,1,1,1,1,1,,,,,,,,,,,,,1,2,23,none,36.859603881836,-88.336700439453,-1,
R_TtoNcNI3MjOESzf,Default Response Set,Anonymous,,,68.102.91.129,0,2018-05-10 08:14:21,2018-05-10 08:15:31,1,AUOYNTK0GOFOM,3COPXFW7XCV8EWS1ACLI12B9U0XKPO,3CMIQF80GN9KT9AXIJ14240EP6OQ6Q,unpacked,1,top,0,,,,,,1,1,,,,,,,,,,,,,1,2,1,1,1,1,,,,,,,1,1,53,no,37.802001953125,-99.998199462891,-1,
R_1kFaz8LhB9cpKnY,Default Response Set,Anonymous,,,73.140.185.93,0,2018-05-10 08:14:39,2018-05-10 08:15:36,1,A1XVKS9PHDMTR5,3TXMY6UCAF7BVAHSICJ9DOOBUN8QC6,3VLL1PIENQ7JW7HS5B6BAXY9F93ZOI,packed,0,top,0,,,,,,1,1,,,,,,,,,,,,,,,,,,,1,1,1,2,1,1,1,1,31,I enjoyed the gamble. The orange and black graph colors was an amazing choice. ,47.167999267578,-122.50270080566,-1,
R_3jcz7aO04ge4LaS,Default Response Set,Anonymous,,,73.189.147.24,0,2018-05-10 08:14:13,2018-05-10 08:15:39,1,APRZ7BR8C0ZMQ,3OLF68YTNAKQB6ULKICOVUU9NIGFA1,3FULMHZ7OUGFT78R7218OXWVJEM4MX,packed,0,top,0,,,,,,1,1,,,,,,,,,,,,,,,,,,,1,1,1,1,2,1,1,1,54,no,38.631896972656,-122.89709472656,-1,
R_D29DQMhi31z8hTX,Default Response Set,Anonymous,,,38.132.120.80,0,2018-05-10 08:15:06,2018-05-10 08:15:45,1,A3TS2NCBAB9L6V,3Z2R0DQ0JIX90PZLCSZ37UQBZTA2E0,3VO4XFFP1553X9O21T6W8I0AKH8Q7P,packed,0,bottom,1,,,,,,1,1,,,,,,,1,1,2,1,1,1,,,,,,,,,,,,,1,1,34,,25.78059387207,-80.182601928711,-1,
R_3m4rXSjpiptmGfe,Default Response Set,Anonymous,,,24.252.148.4,0,2018-05-10 08:14:44,2018-05-10 08:15:56,1,A1DDNPNUO1TNRC,3OWEPKL08AVKGW94B3JHT81SO1WN7P,3UQVX1UPFS08NFMXEJVMXLSKWXP20O,unpacked,1,bottom,1,,,,,,1,1,1,1,1,1,1,2,,,,,,,,,,,,,,,,,,,1,1,39,,41.392807006836,-81.734703063965,-1,
R_qXieu6go3fw4vBL,Default Response Set,Anonymous,,,209.149.177.17,0,2018-05-10 08:14:46,2018-05-10 08:15:57,1,A2NNR9TH3LRUNO,3WYP994K18AVOVZDZVN04AZ3XAG6YZ,3FULMHZ7OUGFT78R7218OXWVJEM4MX,unpacked,1,top,0,,,,,,1,1,,,,,,,,,,,,,2,1,1,1,1,1,,,,,,,1,2,23,,32.361694335938,-86.133598327637,-1,
R_3jSr2aCcZ4D0gbS,Default Response Set,Anonymous,,,173.14.145.81,0,2018-05-10 08:13:46,2018-05-10 08:16:04,1,A2X823PACMMOKP,3CPLWGV3MPIOUFXXQ0H174SYJRK9NN,3VMHWJRYHVZ0LZ4K5QZ0QI9KF8EXFX,unpacked,1,top,0,,,,,,1,1,,,,,,,,,,,,,1,1,1,1,1,2,,,,,,,1,2,56,,42.50129699707,-71.068901062012,-1,
R_1JXc50HMJCUApyG,Default Response Set,Anonymous,,,67.61.91.172,0,2018-05-10 08:15:49,2018-05-10 08:16:37,1,AD9O852KPYLHY,3LUY3GC630JKJHLHRIW9XX6NOGY7P6,3PZDSVZ3J50LBPTRJ3G81CLVO4VN4F,unpacked,1,bottom,1,,,,,,1,1,1,1,1,2,1,1,,,,,,,,,,,,,,,,,,,1,2,33,,34.805801391602,-96.704597473145,-1,
R_3pgR1qDwwvteGYr,Default Response Set,Anonymous,,,40.139.94.147,0,2018-05-10 08:16:50,2018-05-10 08:17:20,1,AFQKLIYNCVZTL,31Z0PCVWULYIB9EO8Z5T277KDJIT7W,3QXFBUZ4ZKZEIV6KB5UVOWASM5XUG1,packed,0,top,0,,,,,,1,1,,,,,,,,,,,,,,,,,,,1,1,1,2,1,1,1,1,37,,42.300506591797,-85.590202331543,-1,
R_20MYlRQCtBQXkFq,Default Response Set,Anonymous,,,12.219.73.130,0,2018-05-10 08:12:56,2018-05-10 08:17:32,1,A35RT6VWT56F30,3KAKFY4PGVLA1CXQCB3ZBJTVX0GI3Z,3QXFBUZ4ZKZEIV6KB5UVOWASM5XUG1,unpacked,1,bottom,1,,,,,,1,1,1,1,1,2,1,1,,,,,,,,,,,,,,,,,,,1,2,36,,30.573593139648,-88.744102478027,-1,
R_2VKp5reKcEr7y9O,Default Response Set,Anonymous,,,107.173.171.167,0,2018-05-10 08:16:34,2018-05-10 08:17:32,1,A3JVNCGC2RH31B,3PQMUDRV7SPPRFF9XEAMFPVKGIBIIX,3CMIQF80GN9KT9AXIJ14240EP6OQ6Q,unpacked,1,bottom,1,,,,,,1,1,2,1,1,1,1,1,,,,,,,,,,,,,,,,,,,1,1,30,very good,42.88639831543,-78.87809753418,-1,
R_W3C3C6IUjeiVxHr,Default Response Set,Anonymous,,,68.4.54.213,0,2018-05-10 08:16:56,2018-05-10 08:17:44,1,A346Y4O6PXRWWG,3DUZQ9U6SN7J7Z251X3JYGR1XIBVS1,31KSVEGZ34BIZP43MG385O9W9UJRWT,packed,0,top,0,,,,,,1,1,,,,,,,,,,,,,,,,,,,1,1,1,2,1,1,1,1,29,Thanks,33.605102539062,-117.64399719238,-1,
R_3Vu51h0q2apY2ml,Default Response Set,Anonymous,,,131.123.61.0,0,2018-05-10 08:17:07,2018-05-10 08:17:46,1,A3IBIYFWT9Z4SO,3PJ71Z61R5LLG8Q8LDJ3AXFVGQG198,3VMHWJRYHVZ0LZ4K5QZ0QI9KF8EXFX,unpacked,1,bottom,1,,,,,,1,1,1,1,1,2,1,1,,,,,,,,,,,,,,,,,,,1,2,20,,41.153701782227,-81.357902526855,-1,
R_4JfdXGbix7eBeRX,Default Response Set,Anonymous,,,174.54.202.118,0,2018-05-10 08:17:10,2018-05-10 08:17:53,1,ARSABS3TFA1GU,3FK0YFF9P0ZZZRJ9VS8O93B8WM5VV6,3NRZ1LDP7WP1H7TTKBJQZX3ZPEZZPZ,unpacked,1,top,0,,,,,,1,1,,,,,,,,,,,,,2,1,1,1,1,1,,,,,,,1,1,35,,40.00520324707,-76.324600219727,-1,
R_Tee8WZsZL7DY0il,Default Response Set,Anonymous,,,97.113.121.198,0,2018-05-10 08:16:51,2018-05-10 08:18:01,1,A1T5CX6WSV4BJ3,3A1COHJ8NKEW6ESCIAGA2O0RD9U8HP,3VLL1PIENQ7JW7HS5B6BAXY9F93ZOI,packed,0,bottom,1,,,,,,1,1,,,,,,,2,1,1,1,1,1,,,,,,,,,,,,,1,2,26,,47.537399291992,-122.39109802246,-1,
R_1Oxhx6MyH1qB5W7,Default Response Set,Anonymous,,,73.74.29.241,0,2018-05-10 08:16:42,2018-05-10 08:18:06,1,A3RFHN13MRS8LA,3HUTX6F6VV6VCGCA662ZC6KP3VD2O1,3XABXM4AJ1O7XNTLBYY2MIW5V1EQ8C,unpacked,1,bottom,1,,,,,,1,1,1,1,1,2,1,1,,,,,,,,,,,,,,,,,,,1,2,31,,42.255798339844,-88.999099731445,-1,
R_cT3GRbYAbiWdyFP,Default Response Set,Anonymous,,,67.184.95.227,0,2018-05-10 08:17:18,2018-05-10 08:18:10,1,A21Y7K669KM1PR,3VNL7UK1XG2VQ2TUQI35QZK1B71TF0,3PZDSVZ3J50LBPTRJ3G81CLVO4VN4F,packed,0,top,0,,,,,,1,1,,,,,,,,,,,,,,,,,,,1,1,1,2,1,1,1,2,48,,41.973403930664,-88.206497192383,-1,
R_3Ldwyhb8GxTHW48,Default Response Set,Anonymous,,,69.15.115.81,0,2018-05-10 08:17:36,2018-05-10 08:18:13,1,A2IXFVW8GE5NYE,3WQ3B2KGE9Z44155JXXZ13AL4QJ1BI,3QXFBUZ4ZKZEIV6KB5UVOWASM5XUG1,packed,0,bottom,1,,,,,,1,1,,,,,,,2,1,1,1,1,1,,,,,,,,,,,,,1,1,48,,32.800796508789,-97.212600708008,-1,
R_3dQgUPjUZEFxiwJ,Default Response Set,Anonymous,,,162.138.210.3,0,2018-05-10 08:16:06,2018-05-10 08:18:25,1,A2YTTNEX6T1W1W,3HFNH7HEMIXOCMXXKYFS3F9QSF2QGI,3D1TUISJWIJSEMCF1TUY98N81IPUIT,packed,0,top,0,,,,,,1,1,,,,,,,,,,,,,,,,,,,1,1,1,2,1,1,1,1,63,no,38.893295288086,-77.014602661133,-1,
R_1MQ951UI1ITFxno,Default Response Set,Anonymous,,,199.244.48.217,0,2018-05-10 08:17:40,2018-05-10 08:18:52,1,A19XCSKK41W7UI,3QILPRALQ6EOGAENL8BN78XNZL38NY,3NRZ1LDP7WP1H7TTKBJQZX3ZPEZZPZ,unpacked,1,top,0,,,,,,1,1,,,,,,,,,,,,,2,1,1,1,1,1,,,,,,,1,2,75,NA,40.758407592773,-73.979400634766,-1,
R_1OUgD6bXOoNFjQf,Default Response Set,Anonymous,,,70.95.40.142,0,2018-05-10 08:18:45,2018-05-10 08:19:22,1,ARZV0T1MCI22L,34V1S5K3GTKGNUR5RJVK5T6CO1W96E,3UQVX1UPFS08NFMXEJVMXLSKWXP20O,unpacked,1,bottom,1,,,,,,1,1,1,1,1,1,1,2,,,,,,,,,,,,,,,,,,,1,2,30,,32.779205322266,-117.18939971924,-1,
R_2SlBsN5PRObCDpO,Default Response Set,Anonymous,,,71.206.71.116,0,2018-05-10 08:18:18,2018-05-10 08:19:22,1,AANVMI7MLHB2G,3EJPLAJKENZVTL9IVHPJIH8534I6ZO,3D1TUISJWIJSEMCF1TUY98N81IPUIT,packed,0,bottom,1,,,,,,1,1,,,,,,,2,1,1,1,1,1,,,,,,,,,,,,,1,2,53,,25.982894897461,-80.279403686523,-1,
R_1rNarbnOOaTfACX,Default Response Set,Anonymous,,,72.209.19.7,0,2018-05-10 08:18:42,2018-05-10 08:19:24,1,AZR2XAF1PX4SS,3R6BYFZZP8V27J2EVS42F257O3PXFN,3HEADTGN2PB5K04YW6YCJMQI2LHRVJ,unpacked,1,bottom,1,,,,,,1,1,1,1,1,2,1,1,,,,,,,,,,,,,,,,,,,1,2,26,no,41.776992797852,-72.523597717285,-1,
R_vcbqrm0baVSMRMJ,Default Response Set,Anonymous,,,184.170.80.48,0,2018-05-10 08:18:07,2018-05-10 08:19:34,1,ADDSXD7WRKHCZ,3L0KT67Y8FZ0BTXA68Q35FVVFZDYSD,3DFYDSXB2WJO9XWLJBFYL928EXEUJ5,packed,0,top,0,,,,,,1,1,,,,,,,,,,,,,,,,,,,1,1,1,2,1,1,1,2,33,,37.365005493164,-79.309898376465,-1,
R_3I6J0BVaWE4APdV,Default Response Set,Anonymous,,,108.227.104.140,0,2018-05-10 08:17:49,2018-05-10 08:19:35,1,A30DB51RPGJT4V,3AQF3RZ5591PO4IIU5VCFPSNRZR6F3,3VMHWJRYHVZ0LZ4K5QZ0QI9KF8EXFX,packed,0,bottom,1,,,,,,1,1,,,,,,,2,1,1,1,1,1,,,,,,,,,,,,,1,2,22,no,33.899703979492,-87.171997070312,-1,
R_RwsyXV5UnPP6LpT,Default Response Set,Anonymous,,,132.239.182.70,0,2018-05-10 08:18:44,2018-05-10 08:19:47,1,A1TLKBW8KT7L6F,3FIUS151DWLXZX3JH2AG915OMSUGGE,3TCFMTM8HE78U47FA2ZMBQBU1PV21R,unpacked,1,top,0,,,,,,1,1,,,,,,,,,,,,,1,1,2,1,1,1,,,,,,,1,2,36,,32.880706787109,-117.23590087891,-1,
R_5gXSaI3z1ye9SuJ,Default Response Set,Anonymous,,,24.0.228.13,0,2018-05-10 08:18:34,2018-05-10 08:19:48,1,A285E5FTA8GGID,3YWRV122CTI1B0YWI9N9L3PH7HVU8B,3VO4XFFP1553X9O21T6W8I0AKH8Q7P,packed,0,bottom,1,,,,,,1,1,,,,,,,2,1,1,1,1,1,,,,,,,,,,,,,1,2,33,no,40.256195068359,-74.758102416992,-1,
R_1rJ0BRCstJQ6hKL,Default Response Set,Anonymous,,,199.91.250.102,0,2018-05-10 08:18:43,2018-05-10 08:19:49,1,A2B2HQHFBYLTXU,3IFS6Q0HJJ2ELTI52Q40JR17PGGISS,3HEADTGN2PB5K04YW6YCJMQI2LHRVJ,unpacked,1,top,0,,,,,,1,1,,,,,,,,,,,,,1,2,1,1,1,1,,,,,,,1,1,35,,43.079605102539,-89.375801086426,-1,
R_3DkFaxfIPcm9VcQ,Default Response Set,Anonymous,,,162.243.149.191,0,2018-05-10 08:18:03,2018-05-10 08:19:55,1,AGHWGYH0F2HD1,32SCWG5HIIN1FH7C88RHRJ6RT5E6P6,3NRZ1LDP7WP1H7TTKBJQZX3ZPEZZPZ,unpacked,1,top,0,,,,,,1,1,,,,,,,,,,,,,1,1,2,1,1,1,,,,,,,1,1,27,,37.735305786133,-122.37319946289,-1,
R_3DiyvfrzDCSoqVb,Default Response Set,Anonymous,,,99.93.75.42,0,2018-05-10 08:19:05,2018-05-10 08:20:17,1,A3CWHPBVRCHNG6,374TNBHA8CEOYDIXE41YAFGUXBTQYH,3VO4XFFP1553X9O21T6W8I0AKH8Q7P,unpacked,1,top,0,,,,,,1,1,,,,,,,,,,,,,2,1,1,1,1,1,,,,,,,1,2,47,,41.023193359375,-81.627998352051,-1,
R_3MlMGjLJGuw8SYh,Default Response Set,Anonymous,,,24.144.140.78,0,2018-05-10 08:19:51,2018-05-10 08:20:20,1,A12VU5YSHGQH2V,3SBEHTYCWOMBHFUE1WWP1DP8618YII,3XABXM4AJ1O7XNTLBYY2MIW5V1EQ8C,packed,0,bottom,1,,,,,,1,1,,,,,,,2,1,1,1,1,1,,,,,,,,,,,,,1,1,23,,41.045593261719,-80.069602966309,-1,
R_z7HLVdyvxCsbHKF,Default Response Set,Anonymous,,,75.86.25.24,0,2018-05-10 08:19:40,2018-05-10 08:20:25,1,A3RBA581BHJDR8,3H8DHMCCWAUZPZPB53UN18UKGHUKDA,3FULMHZ7OUGFT78R7218OXWVJEM4MX,unpacked,1,top,0,,,,,,1,1,,,,,,,,,,,,,2,1,1,1,1,1,,,,,,,1,2,31,,43.046401977539,-87.966903686523,-1,
R_3ef9W3R0olBZ7PG,Default Response Set,Anonymous,,,96.66.77.77,0,2018-05-10 08:20:33,2018-05-10 08:21:00,1,A31VW44MXV7PP5,33PPO7FECWY8J4ZN509BOSF7OD6IDY,3FW4EL5A3L7FJPPBT6Z0G9LZTV9228,unpacked,1,top,0,,,,,,1,1,,,,,,,,,,,,,2,1,1,1,1,1,,,,,,,1,1,31,,39.647796630859,-104.98780059814,-1,
R_3Rshi7TyP98naaX,Default Response Set,Anonymous,,,71.205.9.95,0,2018-05-10 08:16:16,2018-05-10 08:21:04,1,A2CB4CIS5IK4TC,3XXU1SWE8NEZE2FVH0T3SN75HGS0AJ,3DFYDSXB2WJO9XWLJBFYL928EXEUJ5,unpacked,1,bottom,1,,,,,,1,1,1,1,1,1,1,2,,,,,,,,,,,,,,,,,,,1,2,23,,38.340301513672,-104.52040100098,-1,
R_11gPyup0AYjg8Di,Default Response Set,Anonymous,,,71.10.201.86,0,2018-05-10 08:19:21,2018-05-10 08:21:21,1,A1XBESAVY145F4,3JAOYWH7VJNY6FUCEN1MUCO9EWL9LM,3UQVX1UPFS08NFMXEJVMXLSKWXP20O,unpacked,1,top,0,,,,,,1,1,,,,,,,,,,,,,1,1,2,1,1,1,,,,,,,1,2,56,,38.644607543945,-90.253303527832,-1,
R_STMd1fdGKyiLaKJ,Default Response Set,Anonymous,,,199.227.2.5,0,2018-05-10 08:20:39,2018-05-10 08:21:22,1,A1SMUBAUJSL6P3,308XBLVESJNSX64MHRCE7USY8OCRB3,307L9TDWJYB0TTANJPBPR7TPA4ZN3U,unpacked,1,top,0,,,,,,1,1,,,,,,,,,,,,,1,1,2,1,1,1,,,,,,,1,1,29,,28.495895385742,-81.238800048828,-1,
R_3RxvcfEJ0YaTOd6,Default Response Set,Anonymous,,,24.11.134.20,0,2018-05-10 08:20:35,2018-05-10 08:21:30,1,ARYGQ46IMW8AU,32AT8R96GMSJUKD5W7TE2UPIJB3SUA,3VMHWJRYHVZ0LZ4K5QZ0QI9KF8EXFX,packed,0,top,0,,,,,,1,1,,,,,,,,,,,,,,,,,,,1,1,1,2,1,1,1,1,34,,32.98779296875,-80.005699157715,-1,
R_1f2S8zGdNHAlPx1,Default Response Set,Anonymous,,,70.181.35.44,0,2018-05-10 08:20:39,2018-05-10 08:21:54,1,A2L0DI8GCL54U8,3R0T90IZ1TVKILNEFGEXJAK9O0ZGC1,391FPZIE4C5SIR1VVBCD9WMT15AUH0,unpacked,1,bottom,1,,,,,,1,1,1,1,2,1,1,1,,,,,,,,,,,,,,,,,,,1,1,51,"I'm going to spread the news, baby! Spread it wide! Wooohooo!!!!!",41.705001831055,-71.460403442383,-1,
R_3QVN5OkDrZMSg9Y,Default Response Set,Anonymous,,,172.58.200.118,0,2018-05-10 08:18:04,2018-05-10 08:22:00,1,A30CGO77OY7WP0,3NQL1CS15SRG3LEE03V8G2F2E37YVI,356TQKY9XFGXR5O6FZPWMRFAQBN78W,unpacked,1,top,0,,,,,,1,1,,,,,,,,,,,,,2,1,1,1,1,1,,,,,,,1,1,30,no comments,40.019195556641,-75.09400177002,-1,
R_12mWRIxipzPm584,Default Response Set,Anonymous,,,138.128.93.5,0,2018-05-10 08:18:38,2018-05-10 08:22:05,1,A2JE9INO9EQZBS,30LB5CDZNDT0FAN3TS929GYEQ1X0ZI,3R5LWXWHR0R6ZZ0FGA5I839WGNEXGW,unpacked,1,bottom,1,,,,,,1,1,2,1,1,1,1,1,,,,,,,,,,,,,,,,,,,1,1,66,no,30.290802001953,-81.633003234863,-1,
R_1MXIGMYvo3PSSKL,Default Response Set,Anonymous,,,73.76.160.78,0,2018-05-10 08:20:22,2018-05-10 08:22:49,1,A1ZVTAK0GLO959,378XPAWRUDWALXWBLQI9YR713A9IAW,3QXFBUZ4ZKZEIV6KB5UVOWASM5XUG1,packed,0,top,0,,,,,,1,1,,,,,,,,,,,,,,,,,,,1,1,1,2,1,1,1,2,31,,29.741897583008,-95.564300537109,-1,
R_2YD1Buv6n1XDizi,Default Response Set,Anonymous,,,173.22.208.111,0,2018-05-10 08:20:48,2018-05-10 08:22:59,1,A1313FML1JIK6S,3P59JYT76M3BP8HI2NOY6GQC23XT2H,3HEADTGN2PB5K04YW6YCJMQI2LHRVJ,packed,0,bottom,1,,,,,,1,1,,,,,,,2,1,1,1,1,1,,,,,,,,,,,,,1,2,37,"Thank you for your time, efforts and hard work. I do appreciate you.",37.722900390625,-88.885200500488,-1,
R_2S8j7oOxfcZ5efe,Default Response Set,Anonymous,,,216.160.191.103,0,2018-05-10 08:22:12,2018-05-10 08:23:01,1,A33LMW9LN4Y2LQ,336KAV9KYRB76UGCCTBXEXIRH5FY2B,3DFYDSXB2WJO9XWLJBFYL928EXEUJ5,unpacked,1,top,0,,,,,,1,1,,,,,,,,,,,,,2,1,1,1,1,1,,,,,,,1,1,66,,39.742706298828,-105.11869812012,-1,
R_SQc2EavsHCtgpvH,Default Response Set,Anonymous,,,68.197.118.159,0,2018-05-10 08:22:08,2018-05-10 08:23:38,1,A2OUNJEWVCWVUH,3U5JL4WY5LSS935PBB8JOY8GZDHX40,3D1TUISJWIJSEMCF1TUY98N81IPUIT,packed,0,top,0,,,,,,1,1,,,,,,,,,,,,,,,,,,,1,1,1,2,1,1,1,2,24,,41.162002563477,-73.21720123291,-1,
R_3k5tc7BiPGpFVgD,Default Response Set,Anonymous,,,24.56.251.216,0,2018-05-10 08:23:28,2018-05-10 08:24:00,1,A1GVYP7CZK7VLV,3R6P78PK7LU142PP129N8KKDCM3GTO,3DFYDSXB2WJO9XWLJBFYL928EXEUJ5,unpacked,1,bottom,1,,,,,,1,1,1,1,1,2,1,1,,,,,,,,,,,,,,,,,,,1,1,24,,47.614501953125,-122.34799957275,-1,
R_3oBHyqOfq4Bapjk,Default Response Set,Anonymous,,,50.193.239.252,0,2018-05-10 08:22:44,2018-05-10 08:24:05,1,A27Y7EOH7X74FW,3JRJSWSMQI4YL7V4GSD8Q4V3577E3K,3FW4EL5A3L7FJPPBT6Z0G9LZTV9228,unpacked,1,top,0,,,,,,1,1,,,,,,,,,,,,,1,2,1,1,1,1,,,,,,,1,1,31,,36.471405029297,-108.25099945068,-1,
R_XRHwwtTbNswSXIZ,Default Response Set,Anonymous,,,24.151.38.212,0,2018-05-10 08:23:37,2018-05-10 08:24:25,1,A1EMF0INSZGGSK,3SKRO2GZ72A5X49ZPAAS06TBRKS1K2,3D1TUISJWIJSEMCF1TUY98N81IPUIT,packed,0,bottom,1,,,,,,1,1,,,,,,,1,2,1,1,1,1,,,,,,,,,,,,,1,1,42,none,41.6123046875,-73.412101745605,-1,
R_tM43nn5qOtXSZzj,Default Response Set,Anonymous,,,204.19.244.2,0,2018-05-10 08:23:43,2018-05-10 08:24:25,1,A1NE8U8LA353OA,3EFVCAY5L4SSXKN26AJVE1G6Q1ZJ86,3FW4EL5A3L7FJPPBT6Z0G9LZTV9228,unpacked,1,top,0,,,,,,1,1,,,,,,,,,,,,,1,2,1,1,1,1,,,,,,,1,2,28,,32.680206298828,-117.04740142822,-1,
R_3ozRwLanfl1bc1u,Default Response Set,Anonymous,,,73.247.63.216,0,2018-05-10 08:23:08,2018-05-10 08:24:27,1,A2DCFR7983PDRK,34Z02EIMITW4TYE4N0KKNSXX55E0T5,3D1TUISJWIJSEMCF1TUY98N81IPUIT,unpacked,1,top,0,,,,,,1,1,,,,,,,,,,,,,1,2,1,1,1,1,,,,,,,1,2,24,No,42.220306396484,-88.23380279541,-1,
R_2pSQjuh2TJZN2xr,Default Response Set,Anonymous,,,74.77.70.204,0,2018-05-10 08:24:11,2018-05-10 08:24:37,1,A2C27YTQSQ1GXS,37UEWGM5HURRK8MUFUJP1IFPMCM1RV,356TQKY9XFGXR5O6FZPWMRFAQBN78W,unpacked,1,bottom,1,,,,,,1,1,1,1,2,1,1,1,,,,,,,,,,,,,,,,,,,1,2,33,,43.07080078125,-78.820098876953,-1,
R_3gXPbcjdBA8gLi9,Default Response Set,Anonymous,,,68.32.232.238,0,2018-05-10 08:22:52,2018-05-10 08:24:38,1,A1YTNGH5SMM2CJ,3X66WABAJX1W5LRVMN3WQ7GFINQG37,31KSVEGZ34BIZP43MG385O9W9UJRWT,packed,0,top,0,,,,,,1,1,,,,,,,,,,,,,,,,,,,1,1,1,2,1,1,1,1,28,The questions were clear and I experienced no problems.,36.761993408203,-82.038803100586,-1,
R_2qrzDc0KbwUz8Ad,Default Response Set,Anonymous,,,137.139.88.6,0,2018-05-10 08:23:30,2018-05-10 08:24:48,1,AGYZ0GAAUIJZX,3QIYRE09Y4065AU2MN28SYAFLFY1N8,3FW4EL5A3L7FJPPBT6Z0G9LZTV9228,unpacked,1,bottom,1,,,,,,1,1,1,1,1,1,1,2,,,,,,,,,,,,,,,,,,,1,1,40,Please consider applying a generous bonus. Thank you.,40.789794921875,-73.596397399902,-1,
R_3spPXfxlP8BCJS6,Default Response Set,Anonymous,,,147.0.124.158,0,2018-05-10 08:23:54,2018-05-10 08:25:03,1,A2J7XOAS72YN0,352YTHGROWWVND5A67QXLCKMBNZ4HF,3VO4XFFP1553X9O21T6W8I0AKH8Q7P,unpacked,1,bottom,1,,,,,,1,1,2,1,1,1,1,1,,,,,,,,,,,,,,,,,,,1,1,49,,39.965301513672,-83.023498535156,-1,
R_1hRQ6v8x9JuK2v4,Default Response Set,Anonymous,,,69.121.248.124,0,2018-05-10 08:24:24,2018-05-10 08:25:28,1,APUL3U6P8DKZ3,3HL8HNGX46KC6NKGSCYOZZJPH009FI,3DFYDSXB2WJO9XWLJBFYL928EXEUJ5,packed,0,bottom,1,,,,,,1,1,,,,,,,2,1,1,1,1,1,,,,,,,,,,,,,1,1,18,,40.290893554688,-74.165199279785,-1,
R_3fIP0Rge2JnVY6p,Default Response Set,Anonymous,,,184.91.73.161,0,2018-05-10 08:23:28,2018-05-10 08:25:46,1,A8I93X6M4M949,3TDXMTX3CCD9YVK8VD1XIM5F7RK6IV,3DFYDSXB2WJO9XWLJBFYL928EXEUJ5,packed,0,bottom,1,,,,,,1,1,,,,,,,1,1,1,1,1,2,,,,,,,,,,,,,1,2,35,,28.399703979492,-81.172401428223,-1,
R_1Ck0N3V9DRejz0u,Default Response Set,Anonymous,,,216.218.125.168,0,2018-05-10 08:25:34,2018-05-10 08:26:13,1,A30W987G9S6F0G,34FNN24DCNSZ5RZZUCDVC4L31F2Y58,3VO4XFFP1553X9O21T6W8I0AKH8Q7P,packed,0,top,0,,,,,,1,1,,,,,,,,,,,,,,,,,,,1,1,1,2,1,1,1,1,28,,33.832901000977,-79.755500793457,-1,
R_3qgPcZNcFadC9yC,Default Response Set,Anonymous,,,64.132.43.68,0,2018-05-10 08:26:04,2018-05-10 08:26:30,1,AE3ZOTZGH91EN,3RXPCZQMQQU0VIDGZJPD2E1IK3CG1F,3VO4XFFP1553X9O21T6W8I0AKH8Q7P,packed,0,top,0,,,,,,1,1,,,,,,,,,,,,,,,,,,,1,1,1,2,1,1,1,1,29,,35.995193481445,-79.929397583008,-1,
R_3efUwjdehSWFHK2,Default Response Set,Anonymous,,,76.24.109.168,0,2018-05-10 08:25:48,2018-05-10 08:26:49,1,ABBSQHJ1Y6FRX,3U5NZHP4LSLHC6RT4RILOAVH2JTPHP,3RDTX9JRTYKX5A7GKRVAMNALAH579L,unpacked,1,bottom,1,,,,,,1,1,1,1,1,2,1,1,,,,,,,,,,,,,,,,,,,1,2,56,no,41.656204223633,-70.349296569824,-1,
R_SDVb7XrDfiHL48F,Default Response Set,Anonymous,,,72.47.27.53,0,2018-05-10 08:26:35,2018-05-10 08:27:03,1,A12EQIULBHM4HJ,3WETL7AQWURYPO2B5RK5MAPQSE8358,3CMIQF80GN9KT9AXIJ14240EP6OQ6Q,unpacked,1,bottom,1,,,,,,1,1,1,1,1,2,1,1,,,,,,,,,,,,,,,,,,,1,2,32, / ,37.505996704102,-118.31140136719,-1,
R_1P0hHsjsZm7HlIm,Default Response Set,Anonymous,,,71.114.156.254,0,2018-05-10 08:27:06,2018-05-10 08:28:08,1,A21D5QDKDO65OM,3GU1KF0O4JK7LTO74Z8P2ZSJ76MBPT,391FPZIE4C5SIR1VVBCD9WMT15AUH0,packed,0,bottom,1,,,,,,1,1,,,,,,,2,1,1,1,1,1,,,,,,,,,,,,,1,2,43,No thank you.,40.292297363281,-76.590896606445,-1,
R_1LwjDCf72xcmJB8,Default Response Set,Anonymous,,,66.196.5.175,0,2018-05-10 08:27:54,2018-05-10 08:28:13,1,ARG392N6HWZCJ,37U1UTWH9W59V86FEFS4GS2X0IS8RM,3HEADTGN2PB5K04YW6YCJMQI2LHRVJ,unpacked,1,bottom,1,,,,,,1,1,2,1,1,1,1,1,,,,,,,,,,,,,,,,,,,1,1,25,,30.399993896484,-97.752799987793,-1,
R_1myKWaSESqBheaM,Default Response Set,Anonymous,,,72.23.176.115,0,2018-05-10 08:28:22,2018-05-10 08:28:51,1,A3D9L5CQXK1YJL,3GM6G9ZBKOG1WCLBC57ILP4A88BTM5,31KSVEGZ34BIZP43MG385O9W9UJRWT,unpacked,1,bottom,1,,,,,,1,1,1,1,1,2,1,1,,,,,,,,,,,,,,,,,,,1,1,53,No,40.082901000977,-79.866302490234,-1,
R_2SeqoeTap7c257e,Default Response Set,Anonymous,,,71.201.227.109,0,2018-05-10 08:28:34,2018-05-10 08:29:21,1,A1MM2YSKUVTXH0,34Q075JO1YW3KE2VLH0AHME2DMO01X,3DFYDSXB2WJO9XWLJBFYL928EXEUJ5,packed,0,bottom,1,,,,,,1,1,,,,,,,2,1,1,1,1,1,,,,,,,,,,,,,1,2,31,,41.930999755859,-88.009002685547,-1,
R_3dZkC4s68rvHCgY,Default Response Set,Anonymous,,,207.244.111.131,0,2018-05-10 08:28:31,2018-05-10 08:29:22,1,ACGZDI611LU0I,3JC6VJ2SAC2Y991WE6ZF9I3WYO55AB,307L9TDWJYB0TTANJPBPR7TPA4ZN3U,packed,0,top,0,,,,,,1,1,,,,,,,,,,,,,,,,,,,1,1,1,2,1,1,1,1,34,,38.770095825195,-77.632102966309,-1,
R_xbbaNZp9mycbU5z,Default Response Set,Anonymous,,,50.36.88.202,0,2018-05-10 08:28:39,2018-05-10 08:29:31,1,ATXVMEUOXGMQP,3AZHRG4CU53ZUHGA8LET5FTZB6203P,3QXFBUZ4ZKZEIV6KB5UVOWASM5XUG1,unpacked,1,top,0,,,,,,1,1,,,,,,,,,,,,,1,2,1,1,1,1,,,,,,,1,2,36,thank you for allowing me to participate,41.893402099609,-84.065902709961,-1,
R_3GcDnr0RLeP6Yr3,Default Response Set,Anonymous,,,99.60.73.17,0,2018-05-10 08:28:43,2018-05-10 08:29:33,1,A26XF8O4XRL8JA,3B4YI393VAF3F7L172YENT7UYEJSSV,31KSVEGZ34BIZP43MG385O9W9UJRWT,packed,0,bottom,1,,,,,,1,1,,,,,,,1,2,1,1,1,1,,,,,,,,,,,,,1,2,39,,38.672897338867,-121.14880371094,-1,
R_1pseMKmW5POaxA9,Default Response Set,Anonymous,,,167.192.187.210,0,2018-05-10 08:29:34,2018-05-10 08:29:44,1,A21FPAPLNTZ3QU,3S4AW7T80C1X99O0XS5VD4DTS48L43,3VO4XFFP1553X9O21T6W8I0AKH8Q7P,unpacked,1,bottom,1,,,,,,1,1,1,1,1,1,1,2,,,,,,,,,,,,,,,,,,,1,1,28,,33.760604858398,-84.176300048828,-1,
R_2YVffJgFvBgZQZP,Default Response Set,Anonymous,,,98.237.192.25,0,2018-05-10 08:30:00,2018-05-10 08:32:07,1,A3H32595TVJ34Q,3LEIZ60CDKIIB4BGTOSV2RZ7T5QZ9S,3FULMHZ7OUGFT78R7218OXWVJEM4MX,unpacked,1,bottom,1,,,,,,1,1,1,1,1,1,2,1,,,,,,,,,,,,,,,,,,,1,2,32,,47.754196166992,-122.24440002441,-1,
R_3eq5iidU7kmEFkW,Default Response Set,Anonymous,,,71.120.142.33,0,2018-05-10 08:31:47,2018-05-10 08:32:57,1,ASDOYPL3T2CFL,3DBQWDE4Y7H5TSVLNA4KVONWXV05NR,3TCFMTM8HE78U47FA2ZMBQBU1PV21R,unpacked,1,top,0,,,,,,1,1,,,,,,,,,,,,,2,1,1,1,1,1,,,,,,,1,1,41,no,37.057098388672,-76.461898803711,-1,
R_1dh04xzhS9Uaa7Q,Default Response Set,Anonymous,,,98.213.21.48,0,2018-05-10 08:31:32,2018-05-10 08:33:07,1,A2BZY06YRWGEDL,3TS1AR6UQRX8S4WNDF04L3SJMAA7F2,3TCFMTM8HE78U47FA2ZMBQBU1PV21R,unpacked,1,bottom,1,,,,,,1,1,1,1,1,2,1,1,,,,,,,,,,,,,,,,,,,1,1,29,,41.373092651367,-89.442497253418,-1,
R_31bgyzJK5nW8hnc,Default Response Set,Anonymous,,,96.69.151.57,0,2018-05-10 08:32:36,2018-05-10 08:33:26,1,A1LEWF3XCAKF39,3J4Q2Z4UTZMK98NXZ3JAPIVEM3VWQQ,3CMIQF80GN9KT9AXIJ14240EP6OQ6Q,packed,0,bottom,1,,,,,,1,1,,,,,,,1,2,1,1,1,1,,,,,,,,,,,,,1,1,29,,39.91340637207,-105.00749969482,-1,
R_2B51gIM1d5VskcC,Default Response Set,Anonymous,,,73.4.29.15,0,2018-05-10 08:33:37,2018-05-10 08:34:39,1,A3JIXUMSPOB36C,35DR22AR5E37R7MLBX30ETGALDNX3H,3HEADTGN2PB5K04YW6YCJMQI2LHRVJ,packed,0,top,0,,,,,,1,1,,,,,,,,,,,,,,,,,,,1,1,1,2,1,1,1,2,39,,42.428100585938,-71.05460357666,-1,
R_32ScufaQLGPNlEQ,Default Response Set,Anonymous,,,97.95.51.4,0,2018-05-10 08:34:10,2018-05-10 08:35:25,1,A1KOHXO0BIQB8T,3ATTHHXXWB7MHA44W0ANIZIZ4VKXIH,3FW4EL5A3L7FJPPBT6Z0G9LZTV9228,unpacked,1,bottom,1,,,,,,1,1,1,1,1,1,2,1,,,,,,,,,,,,,,,,,,,1,1,65,none,43.762405395508,-88.538299560547,-1,
R_1LZibIG6UhCOxmX,Default Response Set,Anonymous,,,99.2.67.72,0,2018-05-10 08:26:39,2018-05-10 08:39:06,1,A1QUBLZCONL4QD,35L9RVQFCP1U4BZPLDHFYGIGA0NUHS,3FW4EL5A3L7FJPPBT6Z0G9LZTV9228,unpacked,1,bottom,1,,,,,,1,1,2,1,1,1,1,1,,,,,,,,,,,,,,,,,,,1,1,39,,30.279296875,-81.585098266602,-1,
R_1n6GPOaYx6a3Tvr,Default Response Set,Anonymous,,,192.208.175.12,0,2018-05-10 08:40:21,2018-05-10 08:41:25,1,A117XUDXEZD9XU,39RP059MEIC10QRUCJGXLVYO21HBM3,3PZDSVZ3J50LBPTRJ3G81CLVO4VN4F,unpacked,1,bottom,1,,,,,,1,1,1,1,1,1,2,1,,,,,,,,,,,,,,,,,,,1,2,25,none,38.856094360352,-98.87850189209,-1,
R_rltxoKuaWgycEet,Default Response Set,Anonymous,,,104.176.6.160,0,2018-05-10 08:42:44,2018-05-10 08:43:36,1,AR1IWBDA7MC86,30MVJZJNHNWSBP6CB2P9EXBHA7IJ9W,3HEADTGN2PB5K04YW6YCJMQI2LHRVJ,unpacked,1,bottom,1,,,,,,1,1,1,1,1,1,2,1,,,,,,,,,,,,,,,,,,,1,1,31,,38.112899780273,-122.13310241699,-1,
R_31uCQ83OOVVu7Eo,Default Response Set,Anonymous,,,75.138.6.194,0,2018-05-10 08:48:02,2018-05-10 08:50:19,1,A32F1VBMF1ZLGO,3GNA64GUZFNQWP8D32W1ZII126T5QK,307L9TDWJYB0TTANJPBPR7TPA4ZN3U,unpacked,1,bottom,1,,,,,,1,1,1,1,2,1,1,1,,,,,,,,,,,,,,,,,,,1,2,47,No,33.173004150391,-87.387397766113,-1,
R_31shA8HxJysVm43,Default Response Set,Anonymous,,,173.72.244.115,0,2018-05-10 08:51:32,2018-05-10 08:52:24,1,AT94Y12KEGKNO,3WMINLGALCMJ8UABTGMNNO96Q5TCAS,3NRZ1LDP7WP1H7TTKBJQZX3ZPEZZPZ,packed,0,top,0,,,,,,1,1,,,,,,,,,,,,,,,,,,,2,1,1,1,1,1,1,2,34,Not at this time,38.216598510742,-77.402900695801,-1,
R_1FhnAE6OxHcf74I,Default Response Set,Anonymous,,,107.77.252.35,0,2018-05-10 08:51:52,2018-05-10 08:53:02,1,A2DABB2TUS8ZDH,34T446B1C1XN7HCT1EPUYIXTHJH0CP,391FPZIE4C5SIR1VVBCD9WMT15AUH0,unpacked,1,top,0,,,,,,1,1,,,,,,,,,,,,,1,2,1,1,1,1,,,,,,,1,2,49,,32.298797607422,-90.184799194336,-1,
R_OkCn94wW2D4cg2B,Default Response Set,Anonymous,,,170.140.212.162,0,2018-05-10 09:02:41,2018-05-10 09:03:19,1,A1OZ3PPHAEWA8S,33FOTY3KEN4NE6XBXXTUCNG3MBN1CT,3FW4EL5A3L7FJPPBT6Z0G9LZTV9228,packed,0,bottom,1,,,,,,1,1,,,,,,,2,1,1,1,1,1,,,,,,,,,,,,,1,2,40,,33.795196533203,-84.324798583984,-1,
R_1lgmc8xLWgeSN5C,Default Response Set,Anonymous,,,96.230.6.251,0,2018-05-10 09:04:01,2018-05-10 09:04:46,1,A3GJWXA13GMS9H,3N2BF7Y2VRDBR3UGCBQT761MXENHMQ,356TQKY9XFGXR5O6FZPWMRFAQBN78W,unpacked,1,bottom,1,,,,,,1,1,1,1,1,1,2,1,,,,,,,,,,,,,,,,,,,1,2,28,,41.998001098633,-71.494102478027,-1,
